"margin","BO_Diff","CCL_Diff","CG_Diff","CL_Diff","CM_Diff","CP_Diff","D_Diff","DE_Diff","FA_Diff","FF_Diff","GA_Diff","HB_Diff","I50_Diff","ITC_Diff","K_Diff","M_Diff","MG_Diff","OP_Diff","R50_Diff","SCL_Diff","SI_Diff","TO_Diff","UP_Diff","T5_Diff"
25,3,-3,3,-2,1,2,54,0.0999999999999943,-4,4,5,8,-3,1,46,53,561,-13,12,1,18,-1,61,-12
56,1,1,-1,-1,-5,17,66,-1.40000000000001,2,-2,7,51,18,11,15,3,746,21,-10,0,92,-10,58,8
19,2,-3,-1,3,1,-6,-35,4.59999999999999,4,-4,-3,-40,1,0,5,-13,683,-9,7,6,-9,-1,-47,3
23,6,-5,-15,1,5,16,60,3.89999999999999,-14,13,1,13,4,6,47,33,213,7,-1,6,37,-7,49,-11
102,8,6,8,13,-2,36,13,5.8,7,-7,13,-16,23,7,29,-20,1850,-10,-6,7,101,-4,-14,0
19,3,0,-14,-1,12,2,61,3.40000000000001,-15,15,8,44,0,-7,17,36,199,-1,-2,-1,-14,7,70,3
1,2,6,7,3,-6,-9,-2,2.8,5,-5,0,20,3,-3,-22,-19,2,17,-5,-3,5,3,3,0
22,-3,-1,-6,3,3,7,64,4.2,-7,7,1,36,-2,2,28,16,446,6,9,4,9,-2,56,11
89,6,-1,1,-3,6,34,40,-1.3,-3,3,10,6,25,16,34,13,1023,8,-11,-2,49,-16,16,15
11,1,-5,16,-4,-2,25,29,2.5,5,-6,1,1,7,4,28,-17,186,-4,-3,1,-17,-2,-9,6
29,0,-1,4,6,6,13,-6,1,0,0,7,44,-11,-15,-50,-31,-141,-6,8,7,-4,11,-19,0
16,0,3,4,1,-1,-5,-16,1.8,0,0,-3,-19,-2,-2,3,11,95,-1,5,-4,0,0,-11,6
31,3,-2,-5,1,12,21,4,3.30000000000001,3,-3,-4,-35,13,15,39,17,893,6,-3,3,59,-16,-5,5
15,1,4,-16,9,3,4,2,3.90000000000001,-7,7,0,-31,22,4,33,26,225,6,-18,5,19,0,-1,8
86,10,14,-3,25,-1,62,155,3,-5,5,8,89,28,6,66,9,1504,3,-8,11,84,-7,94,10
26,-2,-2,-12,-9,4,-4,35,4.8,-7,7,1,7,13,13,28,26,149,10,-8,-7,22,-15,45,0
31,6,6,3,19,-1,23,112,5.89999999999999,1,-1,3,70,12,-6,42,7,755,-9,-2,13,56,7,81,-5
65,-1,-5,-16,0,7,15,-44,2.59999999999999,-3,2,7,-21,16,6,-23,-34,1054,0,-7,5,-7,-4,-58,4
90,8,4,-7,6,2,10,84,4.2,1,-1,10,61,33,11,23,6,1827,19,-13,2,76,-11,74,13
32,5,-8,-10,1,4,27,59,1.5,-6,6,2,46,18,17,13,6,769,5,-8,9,53,-17,42,1
5,2,6,-4,7,6,22,21,-4.8,0,1,2,4,4,-2,17,-6,47,-4,1,1,38,4,-6,-1
50,3,-1,-6,-2,-5,22,97,2.2,-6,6,6,38,7,13,59,19,524,24,1,-1,29,-11,67,-4
13,0,-2,1,8,0,-8,-58,-4.2,-2,2,0,-57,-4,2,-1,-2,-191,-7,8,10,18,-2,-73,-9
18,1,0,-3,4,-2,-6,6,-1.3,0,0,5,0,-22,-5,6,1,-134,8,28,4,17,6,3,-4
2,-1,1,11,2,8,-4,9,-1.59999999999999,8,-8,5,-6,-13,-5,15,23,188,-14,14,1,-34,3,17,-10
19,-6,7,-3,-1,4,-1,29,2.40000000000001,-5,5,4,-28,4,1,57,42,-253,2,-4,-8,-11,-1,28,-5
13,1,-4,8,-5,7,7,-11,-5.19999999999999,0,0,-5,-10,6,6,-1,6,501,-2,-1,-1,2,-6,-11,7
41,1,-1,-7,4,7,21,89,-0.100000000000009,-7,7,6,22,1,8,67,53,734,6,2,5,38,-8,73,2
76,-5,3,-6,8,11,26,127,4.90000000000001,-6,6,5,54,10,9,73,67,1227,-17,4,5,104,-7,110,-10
23,6,3,-15,11,4,12,-2,-4.59999999999999,-12,12,3,-24,11,2,22,10,849,-9,-3,8,-1,-2,-23,7
59,1,12,-11,13,-5,-7,-1,4.69999999999999,-7,7,8,-24,23,2,23,8,1054,-2,-12,1,27,-1,2,18
25,2,4,-8,4,5,12,67,4.3,-4,3,2,30,23,4,37,26,781,2,-17,0,55,-3,61,5
5,1,3,-6,8,-12,3,77,-3,-12,12,-2,65,15,2,12,-3,-32,13,-16,5,34,-1,74,2
54,12,1,5,-1,7,1,50,2.5,3,-3,8,38,6,11,12,5,1147,-13,5,-2,54,-11,45,1
37,5,8,-12,13,4,20,85,2,-9,9,0,27,15,-4,58,42,881,-21,-6,5,47,5,65,-9
8,-10,-3,2,-4,7,-7,7,4,3,-3,-2,-28,-3,6,35,48,122,-2,6,-1,10,-9,25,-7
38,2,3,-6,5,3,17,77,6.90000000000001,-4,4,8,20,13,-1,57,50,730,23,-7,2,40,1,67,-7
19,2,2,12,4,-10,20,69,0.299999999999997,-1,1,3,89,22,8,-20,-24,674,9,-14,2,54,-7,65,10
3,5,3,-9,0,-3,6,17,-3.2,-1,1,0,14,6,7,3,-14,91,-17,-3,-3,12,-7,11,2
17,3,-8,-7,-17,-6,-20,53,4.40000000000001,-11,11,9,16,-11,4,37,25,313,-4,14,-9,-4,-2,59,4
23,-1,6,10,7,7,4,-8,2.5,4,-4,1,-12,6,0,4,12,378,-13,-2,1,-11,-2,-11,9
3,7,3,-7,12,-14,-11,-19,4.2,1,-1,-1,5,-16,-11,-24,-20,59,6,19,9,-11,10,4,1
18,0,4,3,5,2,7,51,0.600000000000009,-4,4,4,33,4,5,18,20,650,-4,4,1,27,-5,52,1
61,3,8,1,6,1,31,119,0,-3,3,6,26,1,-1,93,64,969,11,11,-2,39,2,85,4
35,-1,7,-2,8,1,12,1,-3,-3,3,3,30,9,-4,-29,-31,253,7,-3,1,17,4,-15,11
2,1,-2,-17,-8,0,-2,72,10.1,-9,9,1,56,14,5,16,19,-8,1,-13,-6,22,-7,74,17
40,7,1,-13,-7,-5,2,-1,0.200000000000003,-4,4,6,28,9,9,-29,-33,251,6,-1,-8,49,-9,5,-10
35,1,3,-7,2,-7,16,71,-0.799999999999997,0,0,4,17,31,8,54,24,907,19,-26,-1,48,-7,65,10
15,8,4,-20,-5,-5,-8,-47,-0.699999999999989,-3,3,1,-78,29,12,31,10,260,-4,-25,-9,15,-12,-43,19
100,6,3,-4,5,6,38,102,7.7,0,0,7,45,32,20,57,41,1876,11,-11,2,105,-20,82,10
45,8,1,-2,6,0,21,134,0.699999999999989,2,-2,4,57,39,11,77,45,1042,5,-27,5,106,-10,118,6
51,-2,5,-12,8,11,38,75,-1.2,-4,5,6,42,38,13,33,8,864,-15,-29,3,45,-12,32,21
22,-2,1,2,-2,2,34,108,5.3,-1,1,0,69,1,12,39,32,590,-5,5,-3,62,-12,88,0
3,8,-8,13,-8,4,19,66,4.2,1,-1,-1,34,-1,8,32,20,234,5,4,0,33,-8,55,-8
16,1,-4,-1,6,-5,11,18,6.40000000000001,-1,1,2,-12,9,-6,30,14,413,-9,-5,10,15,6,3,4
46,0,9,-6,8,10,16,43,3.3,-9,9,3,-22,31,2,65,41,1146,1,-19,-1,69,-3,24,12
57,13,-1,-8,2,-4,5,5,-1.19999999999999,-12,12,1,-14,16,-3,19,14,808,3,-6,3,16,3,7,6
57,1,7,-13,18,1,28,122,3.90000000000001,-13,13,8,52,22,0,70,41,1111,4,-9,11,91,0,92,12
70,22,1,1,0,2,11,86,4.5,3,-3,1,51,16,4,35,14,1433,-11,-2,-1,81,-4,66,-3
1,-9,-4,3,-18,-2,9,-29,-3.09999999999999,-5,5,1,-47,-14,1,18,12,-27,6,11,-14,-14,-1,-37,-14
4,-8,5,-8,0,-12,6,-28,0.699999999999989,-4,4,-2,-2,-4,4,-26,-50,500,10,9,-5,-30,-4,-36,-3
13,3,-9,-17,-5,-10,2,2,-1.80000000000001,-3,3,-1,-30,16,7,32,5,449,-3,-6,4,4,-7,-5,8
40,6,9,2,9,12,17,3,0.599999999999994,1,0,7,-4,23,-1,7,-14,894,2,-13,0,26,2,-28,9
1,0,-1,2,6,10,14,31,0.700000000000003,0,0,-1,-5,-1,5,36,17,43,-22,-1,7,3,-5,16,-1
1,4,6,-12,5,-3,15,70,0.900000000000006,-12,12,1,17,-1,4,53,19,-202,15,1,-1,45,-4,54,-13
2,-8,-3,-1,3,8,17,16,5.09999999999999,-4,4,-3,22,10,7,-6,10,-59,-14,-12,6,24,-5,14,23
26,4,4,7,-10,-3,6,40,2.89999999999999,-2,2,4,41,21,9,-1,-7,662,-5,-15,-14,93,-11,45,7
31,-10,1,-17,-2,-3,1,-28,-4.59999999999999,-4,4,1,-14,4,11,-14,-28,282,-8,-3,-3,27,-11,-32,2
19,9,8,15,25,1,12,71,1,-7,7,3,24,4,-16,47,22,-52,0,0,17,-15,17,49,1
24,-2,4,-9,5,-4,12,48,3.09999999999999,-5,5,1,26,-2,1,22,16,219,15,9,1,0,-1,43,7
59,5,-3,-5,-21,16,-6,30,8.5,5,-5,9,-8,-3,7,38,67,831,20,14,-18,20,-8,53,2
67,-3,-4,4,5,11,23,42,3.5,1,-1,4,41,9,8,1,-7,1184,-7,4,9,71,-7,32,0
67,7,-1,5,5,8,14,110,9.69999999999999,-3,3,8,64,19,3,46,16,1300,5,-2,6,32,-2,85,4
3,-6,-2,-2,-10,3,-8,-39,-1.5,-4,4,0,-32,-9,3,-7,-6,-329,-2,8,-8,9,-2,-35,-1
70,5,11,11,19,4,36,77,1.3,6,-6,9,11,16,-7,66,38,1287,5,-3,8,60,6,45,2
31,12,16,13,15,-3,30,67,-3.3,5,-5,5,53,28,-2,14,-13,649,-7,-24,-1,26,0,45,12
21,-4,4,6,20,-4,9,18,-0.800000000000011,1,-1,-2,-33,6,-3,51,28,784,24,5,16,28,1,0,2
27,-5,10,5,23,-8,27,-3,0.399999999999991,0,0,4,31,-4,-7,-34,-60,43,2,8,13,22,8,-20,-5
23,-1,4,0,12,-1,29,77,5,-8,8,-2,46,17,-6,31,15,1081,-17,-11,8,6,6,30,2
54,13,0,-18,-1,7,23,69,1.3,-11,11,9,27,22,8,42,25,899,-3,-12,-1,65,-7,44,6
42,-1,4,6,7,11,10,-42,-0.400000000000006,7,-7,4,-35,28,3,-7,-3,917,27,-20,3,53,-2,-53,-2
19,6,-1,-9,0,-4,-23,-65,-5.60000000000001,8,-8,1,-42,10,1,-23,-21,153,7,-7,1,-16,-1,-49,9
8,4,2,-4,8,-5,25,28,1.2,-10,10,-4,34,11,4,-6,-39,344,-6,-10,6,33,-4,9,-4
30,4,-5,-15,2,-5,-18,89,8.7,-7,7,6,57,-1,3,32,58,111,0,7,7,33,-4,114,-4
6,0,-2,4,-1,16,10,41,3.2,0,0,1,-7,5,2,48,46,-565,-2,-13,1,6,-3,27,6
4,-8,-3,-11,1,1,4,-27,-4.5,-7,7,5,-14,-11,1,-13,-8,-274,0,9,4,7,2,-26,-16
12,8,-1,16,13,-3,27,14,-9.59999999999999,2,-2,0,15,6,4,-1,-31,15,2,-4,14,29,-4,-6,-1
2,-4,5,27,-8,3,-2,-20,-8.90000000000001,9,-9,-1,-52,6,0,32,21,-205,-7,-5,-13,-20,0,-24,-4
30,1,6,-15,14,-5,13,-23,-1.59999999999999,-5,5,2,-48,3,-6,25,-2,271,-14,-6,8,-25,3,-41,-2
68,15,-4,11,12,-3,17,-29,-7.60000000000001,5,-5,6,-49,15,-1,20,9,944,13,-4,16,44,3,-31,1
35,1,7,0,17,-13,-14,-28,1.8,-4,4,3,-45,-2,7,17,-18,510,23,12,10,38,-7,-17,-5
8,-1,-7,-13,-14,-2,-1,14,4.60000000000001,-3,3,-1,53,2,10,-39,-24,15,-9,-3,-7,35,-11,19,7
23,2,1,-10,5,3,-37,-18,10,1,-2,-1,-34,-1,7,16,32,592,0,5,4,48,-8,14,5
8,6,10,-10,12,11,34,87,3.40000000000001,-9,9,0,39,16,6,48,23,456,-24,-14,2,3,-6,50,27
29,2,2,-5,-4,-7,10,33,-0.0999999999999943,2,-2,6,7,1,4,26,-3,438,18,8,-6,67,-4,14,0
84,0,10,-15,20,13,46,100,0.700000000000003,-7,7,7,14,50,14,86,42,1615,1,-24,10,72,-14,66,18
104,5,7,-6,-3,7,11,115,9.3,-7,7,12,57,8,12,58,50,1388,-1,13,-10,86,-12,103,7
14,6,0,-9,-6,0,18,18,6.7,-11,11,2,19,3,10,-1,-7,191,-6,-3,-6,32,-10,1,-4
58,-4,4,-4,4,1,0,46,7,0,0,11,22,-1,-1,24,19,538,9,14,0,53,1,42,-19
17,-3,6,0,2,3,14,-28,-8.60000000000001,4,-4,-2,-1,-9,6,-27,-21,-219,0,10,-4,-44,-7,-37,-2
24,1,1,-17,-4,-2,8,30,-3.5,0,0,5,21,7,5,9,15,353,11,-5,-5,33,-7,29,-4
27,0,-14,-10,-7,2,-13,39,1.39999999999999,6,-6,9,18,-2,10,21,28,528,13,6,7,34,-11,48,-2
27,-5,4,-5,-4,-7,-7,35,1.3,-2,2,5,36,8,0,-1,-6,249,33,-3,-8,41,0,33,0
21,9,-5,-3,-8,3,8,65,7.3,7,-7,5,43,11,13,22,3,778,5,-5,-3,61,-11,51,-4
7,-9,-4,-5,-13,-5,2,5,-1.39999999999999,-4,3,0,-27,-12,2,32,19,-31,10,13,-9,11,-4,-5,0
13,8,-5,8,1,-9,11,7,-2.59999999999999,-2,2,3,23,6,-7,-16,-18,282,-10,-7,6,-6,8,-2,6
49,5,4,-11,19,-9,-6,56,7.59999999999999,0,0,6,34,17,8,22,12,368,-2,-9,15,53,-8,76,14
9,-10,10,-13,23,-1,1,56,6.10000000000001,-5,5,-1,7,-10,-11,49,25,81,0,10,13,25,9,47,-3
16,3,-3,-11,2,3,4,-24,-3.3,-4,4,-5,-44,-8,7,20,19,51,-10,9,5,0,-9,-38,-2
81,-1,1,-16,13,6,8,29,5.40000000000001,-6,7,10,31,14,4,-2,-3,942,9,-3,12,49,-4,15,9
15,7,2,-10,9,0,20,90,-1,-13,13,6,27,19,4,63,44,695,-18,-12,7,20,-3,67,2
41,2,-3,-10,-10,-1,-14,-3,2.7,-2,2,5,-32,6,8,29,35,454,-5,-2,-7,29,-8,5,-1
44,9,1,-9,-6,11,24,28,3,3,-3,2,10,-2,5,18,19,343,-8,2,-7,33,-6,1,-7
115,-7,3,-9,1,8,42,59,-0.300000000000011,-1,1,13,5,48,23,54,20,1540,9,-28,-2,110,-22,29,21
29,-2,-3,-3,-17,15,10,-23,-1.10000000000001,-11,11,0,-52,-3,9,29,21,664,10,5,-14,16,-8,-39,-10
36,-6,-4,-7,0,1,-1,-14,0.399999999999991,-5,5,3,-37,0,2,23,14,489,3,6,4,32,-2,-18,-22
65,-6,7,-3,4,18,4,-2,5.5,6,-6,8,-31,22,6,29,33,994,-12,-11,-3,28,-7,-5,8
59,2,2,-5,-3,7,25,119,8.90000000000001,-2,2,6,27,12,13,92,76,654,-6,-4,-5,62,-13,110,-5
67,10,0,16,10,3,13,44,1.8,6,-6,11,40,12,4,4,-10,557,12,-2,10,67,0,29,1
36,-2,2,-14,-3,-1,-9,-59,-0.700000000000003,1,-1,4,-51,-3,4,-8,-24,-2,20,0,-5,11,-4,-51,-1
61,-2,-3,4,6,-7,2,33,7.59999999999999,6,-6,5,-42,3,-1,75,54,794,-1,7,9,31,0,36,-4
26,5,4,-1,-1,1,1,-36,2.09999999999999,-2,2,8,-36,24,13,0,-20,454,-10,-18,-5,56,-13,-33,5
12,4,-4,0,-8,5,14,4,-0.799999999999997,-7,7,3,-6,7,4,10,9,213,-8,-4,-4,7,-3,4,3
25,8,-5,-8,-17,-4,-6,47,6.3,4,-4,6,20,10,9,27,48,775,9,-2,-12,27,-7,68,-5
50,4,2,-1,10,-5,14,81,0.799999999999997,-6,6,5,19,13,6,62,17,867,35,-5,8,92,-6,66,1
16,-3,4,8,19,-1,20,57,6.8,2,-2,2,-21,20,-8,78,38,448,-11,-14,15,7,5,28,10
34,4,-3,11,-7,-4,1,39,1.39999999999999,10,-10,3,19,2,-1,20,16,297,31,4,-4,35,0,33,-9
82,10,2,3,-6,0,20,90,10.9,8,-8,11,40,18,10,50,51,1228,2,-4,-8,68,-10,78,-5
36,1,1,-8,1,4,48,140,5.89999999999999,-14,14,6,62,15,2,78,54,866,-11,-8,0,49,-2,102,-5
52,-13,-2,-10,2,4,31,-8,0.199999999999989,-7,7,6,-38,25,11,30,13,742,-10,-18,4,34,-11,-39,1
16,-7,-6,2,2,4,9,40,6.2,-1,1,2,-9,11,4,49,34,400,12,-10,8,22,-4,36,5
5,4,2,7,-8,-6,-6,52,-0.200000000000003,7,-7,1,20,12,3,32,24,187,12,-8,-10,35,-5,58,0
37,-13,10,-5,1,-4,35,85,3.8,-2,2,5,30,21,5,55,20,909,-4,-14,-9,66,-5,54,4
16,2,-5,-2,-14,0,-1,2,2.8,-8,8,1,-7,-4,-3,9,7,-49,-4,5,-9,-14,2,-2,-3
13,-8,0,-11,-9,-1,-9,28,-0.5,8,-8,-2,32,4,5,-4,11,555,-2,1,-9,19,-7,35,-1
21,5,-9,-17,3,0,-2,94,4.2,2,-2,0,26,12,10,68,72,267,3,-8,12,47,-10,101,1
15,3,3,-6,1,-8,-4,-41,1.2,-7,8,-2,-44,5,-3,3,-10,73,-3,-3,-2,-2,3,-35,5
31,3,-7,1,-12,9,33,63,-0.900000000000006,-6,6,4,24,-3,13,39,26,632,3,5,-5,54,-12,28,14
93,12,-3,-8,-3,3,12,11,3.69999999999999,-1,1,13,20,14,14,-9,-14,1461,9,0,0,93,-14,2,7
86,-1,-6,-9,-1,7,30,87,6,0,0,8,41,14,5,46,19,1726,-7,-2,5,51,-5,52,-1
80,0,1,-22,-1,10,8,72,8.5,-9,9,8,25,11,18,47,38,1096,-4,3,-2,79,-20,61,-2
22,6,-3,-5,4,-3,2,22,3.39999999999999,6,-6,6,-21,10,-1,43,27,288,-13,-6,7,8,1,25,9
67,3,4,-6,17,1,-14,11,6.60000000000001,-3,3,0,-16,1,-11,27,8,820,-12,7,13,-3,10,12,12
47,0,-1,-9,-13,3,-7,-22,5.2,-2,2,7,-25,18,7,3,19,445,3,-13,-12,20,-7,-17,-1
54,1,2,12,5,-1,6,40,9.5,10,-10,9,31,17,0,9,2,1107,7,-4,3,62,-1,39,1
28,-1,1,-9,12,10,12,15,-1.2,-7,7,1,-3,-4,4,18,2,563,3,11,11,39,-3,-12,7
49,-7,6,-11,-9,3,24,-6,2,-7,7,1,13,17,13,-19,-37,724,-1,-8,-15,63,-12,-28,-2
21,7,7,-12,0,-1,-8,56,7.8,-3,3,3,58,4,8,-2,12,731,-5,6,-7,9,-8,63,13
34,1,-1,3,7,0,1,67,3.5,3,-3,1,35,3,-2,32,24,568,-11,3,8,35,1,71,0
35,-3,-1,-6,4,-4,-1,58,6.90000000000001,-4,4,6,21,14,-4,37,17,323,5,-13,5,27,4,58,4
48,3,-1,-7,-12,10,30,108,4.5,-15,15,1,52,14,15,56,31,936,-6,-6,-11,56,-15,67,-8
61,2,-3,-15,0,10,15,84,9.7,-3,3,7,24,18,6,60,67,1063,-3,-11,3,35,-5,80,2
9,11,3,12,21,4,11,35,0.700000000000003,9,-9,2,19,2,-4,16,15,302,21,0,18,13,4,29,-1
42,4,2,-17,14,5,40,-5,-8.3,-17,17,4,-48,7,6,43,-2,519,-20,0,12,35,-8,-51,10
55,0,-3,-15,-1,-1,22,54,8.7,-8,7,7,58,17,10,-4,-12,1361,-13,-6,2,54,-11,55,11
77,11,-6,-4,-22,-4,-20,57,6.40000000000001,5,-5,11,15,22,21,42,33,1775,-3,-1,-16,109,-18,65,2
13,-6,5,-18,9,-4,-2,-15,3.90000000000001,-10,10,3,-33,-4,-12,18,18,-467,-2,-1,4,-32,10,0,8
5,-4,0,-9,7,-7,20,75,-0.900000000000006,-10,10,0,63,-1,5,12,-1,68,23,4,7,33,-5,55,5
14,5,-2,-8,8,-8,21,103,-2.5,-6,6,1,100,17,7,3,-12,359,-1,-14,10,23,-8,79,7
30,2,3,1,10,5,19,31,1.09999999999999,7,-7,6,5,11,-1,26,20,296,12,-3,7,33,1,15,-8
37,-1,3,-12,18,2,20,-68,-0.600000000000001,-7,7,4,-90,-4,-6,22,11,597,-19,11,15,-22,4,-64,4
43,2,3,-17,15,-1,9,11,0.5,-10,10,6,-13,-1,-1,24,19,355,-25,6,12,-3,1,6,5
34,8,-5,-11,4,0,11,52,-1.2,-4,4,2,-14,6,11,66,34,447,-22,1,9,20,-11,27,11
59,1,-1,-9,-6,5,8,72,1,0,0,4,20,10,10,52,35,1253,6,2,-5,26,-12,49,8
56,-2,0,-8,-2,11,-7,-3,6.2,4,-4,8,-18,-1,8,15,21,1018,8,15,-2,34,-10,7,-1
47,-3,0,-9,-2,3,3,55,5.59999999999999,-11,11,4,-3,-13,0,58,47,516,-3,18,-2,43,0,41,-10
35,2,-2,-2,6,6,31,95,1.3,2,-3,8,69,7,5,26,-2,846,-13,0,8,33,-5,59,5
28,7,-1,-17,0,8,3,-75,-10.4,5,-5,0,-53,15,10,-22,-19,489,6,-10,1,30,-10,-80,9
28,-2,-1,3,4,5,11,9,-6.30000000000001,2,-2,4,5,-4,-1,4,16,418,-14,9,5,2,0,6,2
91,-3,10,-5,11,9,46,123,7.5,-9,9,11,79,24,2,44,35,1501,7,-10,1,95,-2,83,8
30,0,-3,-14,-5,1,-5,43,8.60000000000001,5,-5,1,47,21,8,-4,4,1113,-10,-12,-2,37,-11,45,12
3,-3,-7,-21,-13,1,-4,36,7.30000000000001,-8,8,-2,2,21,12,34,47,244,-2,-20,-6,42,-11,52,1
13,-6,-6,-20,-7,6,-2,-62,-1.40000000000001,-13,13,0,-84,-4,5,22,27,59,-2,6,-1,-4,-5,-70,0
54,5,5,5,4,-1,-1,42,3.5,10,-10,5,59,5,2,-17,-17,769,-17,0,-1,9,-2,41,2
61,4,-3,-1,4,0,24,63,0.700000000000003,-6,6,6,26,27,5,37,6,1231,14,-16,7,64,-5,33,11
14,-4,10,-5,14,9,34,67,1.09999999999999,-2,2,1,28,19,0,39,22,375,10,-14,4,31,1,47,5
37,-5,-5,9,-9,4,6,78,3.60000000000001,14,-14,6,36,0,11,42,60,656,8,12,-4,46,-11,75,2
108,10,5,4,18,0,51,176,7.19999999999999,-3,3,10,87,28,9,89,31,2015,21,-7,13,106,-9,132,14
3,-7,2,15,1,3,1,67,2.5,1,-1,0,42,0,-2,25,25,114,10,1,-1,5,0,68,-1
57,-3,3,0,17,2,19,81,8.69999999999999,3,-3,9,41,27,-5,40,22,975,18,-15,14,64,4,75,9
15,-2,-5,-3,-12,4,12,77,3.8,0,0,5,65,-11,4,12,12,876,-5,23,-7,-7,-5,61,9
56,4,4,-3,22,0,22,66,4.09999999999999,-1,1,7,65,26,-3,1,-26,810,21,-13,18,67,3,49,3
10,4,-3,-21,-16,1,-19,-21,0.200000000000003,-6,6,2,-36,-29,-4,15,31,-249,32,31,-13,16,4,6,-4
53,7,-4,-9,-5,5,3,66,4.80000000000001,4,-4,6,26,15,7,40,47,963,4,-9,-1,55,-9,69,3
20,3,-4,-8,4,2,13,51,1.59999999999999,-11,11,3,39,16,10,12,-16,517,3,-12,8,23,-9,34,0
26,0,3,-5,-8,4,-9,38,3.39999999999999,5,-5,5,-7,18,14,45,43,235,6,-15,-11,58,-15,52,4
2,-2,-6,2,-5,-3,15,-12,-5.2,-3,3,-4,-1,5,1,-11,-13,6,17,-6,1,-41,-1,-26,6
10,0,4,6,10,8,29,30,-2.60000000000001,2,-2,-3,31,32,2,-1,-10,643,-12,-26,6,33,-3,3,-5
11,-8,3,0,23,9,55,30,-8.7,3,-4,-1,14,9,4,16,-16,799,-19,-4,20,29,-5,-12,12
17,14,-1,15,8,-2,7,41,2.5,10,-10,3,39,6,-1,2,-14,428,-9,-3,9,0,1,40,8
47,11,-4,-9,-2,-1,15,55,3.59999999999999,-3,3,4,41,22,14,14,-3,858,11,-15,2,44,-14,36,8
65,-2,-5,1,6,2,21,145,10,-7,7,11,50,-2,2,95,82,1053,9,14,11,70,-1,123,-11
36,10,5,-20,2,11,17,49,6.7,-10,10,6,-7,21,9,56,45,890,-3,-10,-3,36,-10,35,15
54,1,10,-2,14,3,48,103,-2.2,-2,2,3,51,50,12,52,19,1583,18,-36,4,86,-12,63,20
37,13,2,-17,-2,-4,11,90,2,-10,10,4,57,26,12,33,18,748,-14,-23,-4,55,-11,79,-4
11,2,-2,-3,10,-5,-4,-32,-5.40000000000001,-2,2,2,-62,-3,-9,30,27,-364,8,1,12,-30,10,-25,2
15,2,-15,-26,-27,0,-17,29,1.8,-3,3,4,9,1,18,20,24,363,-8,0,-12,20,-19,46,8
64,3,-2,-10,4,-4,9,63,5,-10,10,4,3,31,14,60,29,1283,0,-15,6,86,-12,45,15
50,-4,3,15,-9,5,-7,-36,2.3,5,-5,7,-53,-5,10,17,32,639,-1,16,-12,60,-9,-31,-1
2,2,-1,-8,12,1,5,0,2.2,-5,5,2,-25,-7,-10,25,11,-164,8,10,13,-9,7,-2,-3
9,-3,0,-22,-5,2,-6,-17,4.90000000000001,-9,9,-1,-30,19,9,13,2,354,-2,-13,-5,19,-9,-11,7
66,6,-3,-11,-4,3,-15,29,11.9,-6,6,9,-26,13,0,55,33,832,10,0,-1,37,2,46,-2
29,1,4,6,13,10,20,61,1.5,2,-2,4,24,26,7,37,18,784,2,-19,9,75,-9,39,9
2,1,-2,3,9,5,1,15,4.3,-3,3,0,12,-14,-13,3,12,-344,15,10,11,-35,14,22,0
54,-1,2,-2,4,11,10,63,3.69999999999999,0,0,5,-20,8,9,83,56,688,-16,0,2,58,-9,58,-16
43,12,6,-6,1,-4,15,52,3.2,-14,14,4,27,33,19,25,-5,1001,22,-26,-5,48,-18,40,17
28,-6,1,-13,-10,2,-9,-25,4.3,3,-3,4,-19,10,11,-6,4,359,-2,-5,-11,27,-11,-13,-2
42,-10,1,-17,4,-6,12,34,7,-2,2,4,7,4,0,27,16,398,-5,0,3,75,-2,35,-4
25,-8,-1,-1,-4,4,-4,4,4.5,-1,1,3,-25,-12,-1,29,21,191,-2,18,-3,25,2,2,-3
40,1,9,11,8,-8,26,89,7.40000000000001,1,-1,5,90,14,3,-1,-5,586,6,-11,-1,50,-2,73,6
3,5,0,-3,-7,0,-30,-67,-1.89999999999999,8,-8,1,-90,22,17,23,8,354,-23,-23,-7,-26,-18,-53,9
4,-3,0,-7,2,-1,29,20,-3.2,-6,6,-1,-9,9,7,29,3,1,-1,-11,2,17,-8,-9,1
3,-5,3,-1,10,3,17,63,1.5,1,-1,-4,40,22,2,23,14,435,-12,-16,7,6,0,40,13
2,1,-1,-3,-1,-4,-30,6,0.5,3,-3,1,-6,-2,-4,12,42,-18,-4,4,0,16,4,41,-7
96,-3,9,-4,4,6,47,124,8.49999999999999,-4,4,9,24,28,14,100,62,1940,-12,-12,-5,105,-15,83,-1
58,7,4,-8,4,-6,29,75,2.2,-11,11,0,5,10,14,70,37,740,4,-4,0,40,-14,60,7
43,3,4,-11,7,-4,13,39,4,-13,13,5,-11,14,3,50,24,815,-13,-2,3,20,0,20,2
11,8,5,-11,6,-5,-8,28,1.5,0,0,4,-9,6,5,37,23,-204,7,-7,1,-5,-5,30,7
31,0,3,-10,13,0,27,35,-2.09999999999999,-8,8,-2,32,9,5,3,-28,519,8,-9,10,40,-5,5,7
14,-1,1,1,-2,-2,2,6,0.400000000000006,3,-3,3,-12,-1,4,18,2,756,-5,6,-3,5,-6,0,6
29,-2,0,-6,-6,9,-14,18,5.60000000000001,5,-5,0,3,1,4,15,40,449,-16,5,-6,22,-4,41,-3
8,1,0,9,-10,1,-12,-10,-0.5,12,-12,3,1,13,7,-11,-8,58,16,-15,-10,31,-8,5,1
51,-1,-1,-5,3,6,31,43,0.900000000000006,-8,8,2,41,25,13,2,-20,1031,-19,-18,4,73,-13,11,4
133,0,3,-27,0,-1,5,93,14.7,-6,6,17,38,43,18,55,27,1803,5,-23,-3,91,-18,88,9
9,0,2,-5,7,-6,11,92,2.59999999999999,1,-1,1,63,9,5,29,19,336,10,0,5,-27,-7,80,-8
102,-2,-2,-14,-9,15,18,39,12.9,-1,1,14,-4,22,10,43,47,1541,1,-6,-7,86,-10,25,14
3,2,-7,14,-5,-11,-1,-49,0,10,-10,2,-16,12,1,-33,-46,-75,7,-12,2,3,0,-48,4
45,-5,-4,-4,-1,0,28,48,1.39999999999999,-6,6,7,22,4,5,26,-4,782,-28,5,3,69,-5,15,-3
31,0,3,4,-1,4,-5,-9,5.7,-1,1,3,-33,30,2,24,9,923,1,-22,-4,25,-2,-10,-9
29,6,9,-3,10,3,18,44,5.59999999999999,-3,3,0,21,16,2,23,14,602,-9,-5,1,15,-2,25,17
16,-2,-4,-10,-1,7,6,-32,-3.10000000000001,0,0,2,-49,0,12,17,13,15,-28,4,3,-4,-12,-29,2
10,-2,0,-4,0,-1,22,89,-1.8,-4,4,0,64,11,4,25,16,209,18,-12,0,55,-3,81,-7
66,2,2,-12,8,6,13,25,5.80000000000001,-2,2,9,-41,-1,5,66,45,810,2,9,6,21,-6,8,-4
5,-2,2,-4,-6,8,-3,3,0.5,4,-4,2,-11,15,13,14,25,21,6,-13,-8,-4,-16,14,10
17,5,1,-5,9,-3,26,5,-5.8,0,0,-2,-5,21,3,10,-26,466,-3,-19,8,5,-4,-17,6
44,0,2,2,8,-1,29,88,2.60000000000001,8,-8,6,54,8,2,34,15,847,-28,-1,6,63,-3,60,5
1,7,5,18,6,-1,9,33,1.40000000000001,11,-11,1,3,7,0,30,5,4,18,-6,1,11,0,16,-1
72,-5,6,-8,-3,4,41,62,4,-11,11,6,19,3,10,43,26,916,9,10,-9,63,-10,35,2
82,-2,6,-8,13,10,27,-9,-1.5,4,-4,9,-35,21,11,26,7,1197,-18,-7,7,73,-11,-35,-3
16,5,6,-6,24,-4,11,94,6.49999999999999,2,-3,1,61,17,-4,33,32,468,6,-13,18,24,1,91,7
80,2,-6,-11,-10,1,19,67,1.5,-8,9,9,27,-25,15,40,15,1116,2,39,-4,64,-15,35,-8
52,5,0,1,-8,12,-1,10,1.2,7,-5,5,-18,-15,8,28,37,340,-2,21,-8,31,-8,12,1
3,8,1,5,-4,1,19,58,-1.09999999999999,-4,4,-2,21,21,13,37,26,241,15,-18,-5,23,-14,48,6
49,1,5,-2,4,-4,3,59,3.90000000000001,8,-6,6,51,3,4,8,6,834,10,4,-1,19,-2,62,5
17,-1,-11,-6,-4,9,-7,14,4.5,1,-1,1,-6,-9,7,20,32,317,-6,10,7,-7,-6,15,0
16,2,6,3,0,2,-2,-18,-2.10000000000001,0,0,4,-28,8,4,10,-10,292,-6,-2,-6,-20,-3,-14,11
5,-1,11,19,6,3,3,51,-1.3,-3,3,3,21,5,-7,30,22,-150,26,0,-5,-5,7,38,2
14,1,3,10,7,5,14,-2,-4.2,2,-2,1,-2,0,1,0,-15,160,-3,3,4,3,-1,-20,0
47,7,6,12,2,6,27,30,-0.200000000000003,8,-8,9,13,3,3,17,2,553,5,5,-4,21,-3,9,-1
12,0,7,-4,12,0,17,39,-0.700000000000003,-6,7,-3,13,21,2,26,11,606,3,-19,5,2,-1,20,7
13,2,0,12,13,-2,-21,52,8.09999999999999,7,-7,3,3,5,-14,49,54,-302,12,-3,13,-4,14,73,-2
2,-2,-1,3,5,-10,-4,-22,-0.900000000000006,-7,7,-2,20,8,-6,-42,-39,-100,-2,-8,6,7,7,-17,4
5,5,0,-2,13,-7,-1,15,0.799999999999997,-3,3,1,10,-2,-10,5,-13,116,10,3,13,-13,9,17,-4
22,10,9,12,-3,-3,6,-76,-1.2,2,-2,1,-24,23,7,-52,-38,32,0,-19,-12,10,-8,-71,20
73,0,-8,-12,0,7,18,66,3.8,2,-2,6,38,18,3,28,12,1295,0,-6,8,49,-4,45,-6
43,3,-1,-19,-2,-2,-11,37,6.4,-5,5,6,31,29,11,6,1,948,0,-23,-1,53,-11,36,14
16,7,-2,2,7,7,24,5,-2.90000000000001,4,-4,-1,-12,12,9,17,-5,265,5,-8,9,30,-10,-17,4
19,-9,0,5,-5,10,15,0,-2.60000000000001,1,-1,3,-19,2,2,19,7,193,-10,1,-5,-32,-2,-18,0
5,6,5,-18,-14,-5,-8,7,0.599999999999994,-9,9,1,0,9,12,7,20,-170,3,-11,-19,19,-12,14,12
58,2,6,-17,-3,4,34,146,6.7,-5,5,6,56,22,18,90,70,896,5,-10,-9,84,-17,117,-8
39,4,-3,1,-4,9,25,86,4,1,-1,0,51,13,13,35,35,587,-12,-8,-1,52,-13,73,4
5,0,4,-5,-2,-7,31,16,-3.59999999999999,-3,3,0,-9,13,4,25,-1,265,-12,-11,-6,14,-4,-7,-7
44,-7,0,14,5,5,13,62,4.39999999999999,4,-4,6,4,-20,0,58,47,277,15,29,5,43,0,40,-3
22,6,-1,-10,11,5,42,25,-1.40000000000001,-10,10,6,8,36,15,17,-2,738,-21,-31,12,33,-15,2,5
47,-4,3,-9,12,10,11,112,7.8,-6,6,4,47,4,-5,65,62,854,12,6,9,67,5,95,3
23,1,-5,1,10,1,5,29,-1.8,-3,3,2,-9,6,2,38,28,268,8,-2,15,31,-1,32,0
32,-6,-1,-11,-4,7,6,15,-1,0,0,8,-20,-3,3,35,30,500,-3,8,-3,10,-3,3,3
17,0,4,0,3,-3,19,44,-1.5,0,0,0,38,0,3,6,-12,485,-29,3,-1,24,-4,13,10
5,-6,-7,-4,-11,2,7,18,2,0,0,-4,26,-13,6,-8,-26,-33,-3,15,-4,-1,-6,5,-5
16,2,0,-3,12,3,10,30,-3.4,-1,1,2,22,5,-2,8,-2,502,-1,-1,12,41,2,17,-10
33,-4,-4,-9,-3,7,-2,56,8.30000000000001,7,-7,5,30,10,11,26,33,510,-18,-7,1,44,-11,58,0
16,3,-3,-9,-4,-6,-17,-2,2.59999999999999,1,-1,2,-31,-15,2,29,41,95,-7,17,-1,-26,-3,7,-4
41,-4,-4,-6,4,4,21,70,1.80000000000001,-9,9,2,31,-5,-1,39,17,397,9,14,8,32,2,28,-17
1,-1,4,11,2,-2,-4,2,0.799999999999997,12,-12,-5,11,2,14,-9,-25,70,9,-3,-2,9,-15,4,15
44,-2,-8,-6,-9,17,19,-39,11.5,-1,2,7,-49,0,10,10,17,702,-7,8,-1,15,-9,-51,-4
7,6,0,6,-2,-7,6,44,1.3,-2,2,2,34,-6,1,10,1,247,16,7,-2,21,-1,36,-4
38,0,1,-6,-5,2,17,37,4.2,2,-3,4,23,31,0,14,7,669,44,-24,-6,44,0,45,6
36,14,6,2,10,-7,10,22,-3.10000000000001,5,-5,1,-4,2,-6,26,14,742,14,6,4,13,4,16,0
93,-1,12,-5,19,1,30,188,6.7,5,-5,9,81,31,16,107,80,1423,6,-15,7,123,-14,167,4
31,5,-1,11,-11,3,-8,-22,1.69999999999999,9,-9,4,-17,3,12,-5,-2,542,8,4,-10,-19,-11,-15,-2
23,6,-4,-12,-1,-9,-27,31,2.59999999999999,1,-1,0,4,15,1,27,16,283,5,-11,3,-9,0,37,0
13,1,2,-12,-4,2,17,18,-0.799999999999997,-7,8,1,26,5,12,-8,-10,617,0,-5,-6,38,-11,6,-3
1,9,-8,5,6,1,7,52,-4,-2,2,0,60,2,-2,-8,3,253,15,1,14,42,2,48,-2
37,-3,-3,-2,1,4,22,30,6.40000000000001,-1,1,7,23,-2,10,7,-4,523,-8,6,4,18,-11,18,-1
83,5,2,5,-1,0,18,151,10.8,3,-3,13,61,16,13,90,71,1444,5,-2,-3,112,-13,147,16
22,-3,6,2,11,-7,18,3,1.8,-7,7,1,12,7,-8,-9,-40,272,-1,-2,5,-25,8,-21,4
19,0,-1,-1,-1,2,26,57,-3.8,5,-5,2,26,7,12,31,22,291,12,-4,0,38,-11,37,-3
41,10,2,-10,10,4,18,107,6.7,-2,2,1,62,0,-1,45,33,930,-4,8,8,21,1,89,3
61,0,3,-12,2,10,4,-22,1,1,-1,10,-47,6,4,25,25,563,-12,5,-1,31,-4,-27,-1
15,8,2,-14,11,3,23,87,-1.7,-3,3,4,58,17,6,29,23,327,2,-13,9,30,-2,71,-4
21,4,3,-13,6,0,20,-13,-4.5,-17,17,-2,-19,13,-5,6,-10,443,8,-9,3,21,5,-34,-3
45,-1,6,2,-1,4,3,105,9.19999999999999,0,0,8,58,-12,0,47,31,437,-9,21,-7,43,0,93,-5
41,4,-10,-10,-17,4,-27,-10,13.3,-3,3,5,-13,-2,2,3,10,360,0,6,-7,3,-2,7,-4
33,-4,12,0,24,2,40,69,-3.2,-6,6,3,22,13,-9,47,8,411,-8,-6,12,15,9,29,5
19,7,4,-5,4,-7,12,-12,-3.80000000000001,-4,4,-2,-6,-5,3,-6,-27,372,-7,11,0,-8,-4,-37,6
21,3,2,-15,9,-3,16,30,-1.89999999999999,-17,17,0,6,2,3,24,-7,362,-13,1,7,46,-2,12,1
35,-1,-1,-1,8,3,-2,1,-2.3,-2,2,1,-7,24,14,8,9,411,15,-19,9,71,-14,16,6
19,-5,3,-9,5,-1,6,43,3.5,1,-1,3,-16,10,1,59,57,467,-23,-4,2,14,-1,33,6
14,3,-1,-4,8,-3,12,5,-1,-2,2,2,-23,24,2,28,31,520,-4,-23,9,8,-1,13,11
11,-1,3,11,16,-1,36,50,-0.5,-4,4,2,24,12,3,26,-1,37,-3,-11,13,1,-3,15,2
6,18,0,-21,-7,0,-25,-46,-0.599999999999994,-15,15,-1,-11,7,-4,-35,-31,180,-8,-3,-7,-40,1,-35,9
27,-11,-3,14,-5,-1,9,51,4.09999999999999,4,-4,5,18,23,4,33,30,519,28,-19,-2,29,-4,47,10
42,4,-1,-5,-11,-2,9,53,9.7,6,-6,5,66,6,8,-13,-5,734,-11,0,-10,27,-8,50,6
33,3,14,-19,14,5,27,-25,1.7,-8,8,-1,-42,4,12,17,-18,105,-8,-1,0,12,-12,-38,1
4,-3,0,-9,-15,1,-20,-8,6,9,-9,1,6,22,10,-14,-7,157,6,-22,-15,21,-8,17,2
10,5,-2,-8,-7,-3,-14,-47,-1.69999999999999,-10,10,-3,-23,-4,5,-24,-32,11,5,5,-5,-5,-5,-33,-5
16,-2,-2,-15,2,-4,11,9,2.8,-15,15,5,3,8,-3,6,-12,627,21,-4,4,6,3,4,-6
39,-1,0,-12,9,2,4,21,9.3,-9,9,1,7,8,-1,14,7,324,-15,-4,9,22,2,9,-5
31,-1,0,-11,-3,0,-3,-9,3.59999999999999,-1,1,3,-19,3,7,10,12,431,1,2,-3,47,-7,-3,1
5,-2,7,1,12,-2,1,47,1.3,-5,5,-3,14,11,-6,33,15,215,-10,-12,5,31,6,38,-1
27,2,3,-1,-5,0,17,37,2.8,-12,12,7,34,10,7,3,-6,446,-3,-7,-8,34,-6,18,8
27,13,-2,-4,-8,-3,-25,9,7.8,-2,2,4,12,-1,6,-3,-11,634,13,5,-6,29,-5,29,-4
8,1,1,-2,-12,6,-13,63,10.8,2,-2,-2,38,4,4,25,34,155,-7,-5,-13,18,-4,79,2
38,12,-3,6,-13,8,21,28,-0.400000000000006,2,-2,5,34,9,11,-6,-6,780,-10,-2,-10,44,-12,14,2
24,8,-11,-9,-5,4,-8,42,7.10000000000001,3,-4,2,14,-3,5,28,31,287,-7,6,6,20,-4,54,-3
47,-4,0,6,9,0,1,-13,2.5,10,-10,6,-42,-14,4,29,17,377,27,21,9,11,-4,-11,2
12,2,2,-7,10,3,29,-9,-7.8,-8,8,-6,-26,24,10,17,-12,491,-9,-21,8,25,-8,-41,3
1,-6,9,-5,24,2,35,-35,-7.60000000000001,-3,2,-2,-50,-2,-7,15,5,-461,25,3,15,-5,6,-54,-8
27,1,-3,-5,5,-1,5,25,3.8,9,-9,6,-3,-8,9,28,29,130,1,10,8,62,-9,32,2
27,-3,9,18,23,4,22,42,3,8,-8,6,3,0,-12,39,26,263,5,4,14,1,12,20,-3
49,9,0,-6,9,5,4,33,3.3,-3,3,8,7,5,-4,26,16,408,3,1,9,18,3,29,-2
19,7,-2,-6,7,4,9,38,6.5,-4,3,2,8,21,8,30,25,311,-11,-20,9,56,-8,38,5
47,8,1,-2,3,-3,22,81,1.5,-2,2,7,29,15,10,52,15,970,10,-8,2,34,-9,60,-5
22,-1,-1,-13,0,3,12,-38,-3.3,-5,5,3,-37,6,11,-1,-16,242,-5,-1,1,12,-11,-47,8
2,-2,11,-6,19,-6,9,9,2.3,3,-3,3,-33,12,1,42,27,-45,-1,-10,8,29,-2,9,3
34,-3,0,3,-3,-2,11,40,-3.8,5,-5,-2,28,15,1,12,13,409,13,-10,-3,49,0,35,-1
22,-4,-7,-3,-11,-1,-1,59,3.59999999999999,-7,7,2,25,-7,6,34,28,188,-17,9,-4,27,-6,57,11
69,5,8,-17,15,7,22,80,3,-5,5,8,53,15,-1,27,13,1014,13,-4,7,100,0,54,-4
18,0,-4,-3,-10,5,12,-74,0.899999999999991,-2,2,-1,-69,-5,14,-5,-1,-187,13,8,-6,-18,-14,-82,-2
47,-5,11,-22,8,6,6,37,4.39999999999999,-15,15,1,5,31,6,32,16,827,-6,-24,-3,-5,-6,31,20
91,0,-1,0,14,3,19,84,15.2,1,-1,6,29,24,9,55,55,1308,4,-8,15,58,-8,79,8
55,-2,3,7,21,-2,25,42,3.59999999999999,4,-4,7,8,27,-3,34,23,888,19,-20,18,52,3,24,2
3,3,-4,7,-9,5,17,42,0.5,-2,2,1,4,6,0,38,33,365,-24,-6,-5,12,0,18,4
28,6,9,-2,2,-3,-17,10,11.6,1,-1,9,24,16,-7,-14,3,888,16,-10,-7,39,8,32,4
10,12,1,7,-1,4,10,-28,-3.90000000000001,6,-6,1,-23,22,6,-5,0,-73,4,-21,-2,16,-6,-27,14
10,3,-3,12,-12,10,4,9,-2.7,8,-8,3,-7,4,11,16,22,342,-6,-3,-9,-3,-10,7,1
1,-4,-5,-4,0,4,9,31,-2.8,6,-6,-1,2,0,2,29,38,-78,10,3,5,9,-1,31,3
86,11,12,0,21,4,51,207,7.40000000000001,-5,5,12,142,22,8,65,41,1514,1,-6,9,87,-8,165,3
6,4,-2,-1,-5,1,22,34,-3.2,-2,2,0,35,18,10,-1,-15,618,-7,-15,-3,15,-11,23,3
70,1,-9,-15,-15,9,0,2,0.599999999999994,2,-2,8,-3,31,22,5,0,1101,6,-17,-6,41,-22,3,6
5,6,-6,-7,-18,-1,-16,-14,1.90000000000001,-4,4,0,-8,5,11,-6,2,218,11,-2,-12,-24,-9,-8,7
27,2,-6,7,-16,-4,-14,-19,2,4,-4,5,8,-3,10,-27,-1,366,39,6,-10,44,-10,-1,-15
43,0,-2,-4,-1,5,13,73,6.60000000000001,6,-6,7,41,25,20,32,15,851,3,-19,1,69,-20,70,14
68,-6,4,5,10,9,39,54,9.6,-1,1,7,32,16,3,22,19,1280,-4,-4,6,46,-3,26,10
34,3,-6,-11,-5,-8,-14,-3,2.8,-5,5,4,-31,7,9,28,25,587,16,-2,1,7,-10,24,11
11,0,3,4,6,1,12,51,2.39999999999999,-4,4,1,41,18,5,10,23,247,4,-20,3,29,-5,55,-4
45,6,4,5,-2,6,0,18,1.09999999999999,2,-1,9,-12,2,2,30,28,770,3,6,-6,8,-1,12,4
55,-16,3,0,-2,8,22,40,1.89999999999999,-1,1,5,-3,26,15,43,33,540,13,-18,-5,57,-13,27,0
58,-7,2,6,12,-3,42,76,2.7,6,-6,5,17,39,8,59,15,805,5,-32,10,75,-8,48,4
20,-4,3,5,0,3,23,67,4.39999999999999,8,-8,-2,53,15,6,14,6,609,1,-10,-3,24,-7,40,7
89,14,3,-11,3,7,19,1,3,-7,7,9,-7,19,7,8,6,1201,-13,-5,0,64,-9,-12,0
24,5,1,-1,-3,3,-17,-25,11.9,6,-6,7,8,-6,-7,-33,-12,232,4,12,-4,25,4,-9,1
6,6,5,-10,7,-6,-1,53,3,-6,6,-1,27,5,0,26,19,-102,5,-6,2,-2,1,44,8
32,-2,3,-20,3,1,-4,-16,0,-9,9,2,-7,-2,-2,-9,-20,426,0,10,0,-22,2,-21,0
2,-2,3,-4,5,-2,5,-26,2.3,-4,4,3,-14,4,-9,-12,0,-65,-7,-6,2,3,9,-19,-11
28,3,-1,-13,0,2,3,10,5.2,-5,5,6,8,-1,2,2,5,561,6,7,1,27,-2,12,-1
27,7,4,-9,3,-2,-25,4,5.09999999999999,2,-2,5,-33,-10,-5,37,39,144,9,16,-1,21,5,21,1
61,0,5,-3,18,-3,31,90,11.9,-7,7,7,35,14,-4,55,29,822,-4,-6,13,48,4,64,1
12,-3,-3,4,-3,-6,7,14,1.8,7,-7,3,2,-1,2,12,12,54,23,2,0,16,1,15,3
75,0,2,-6,8,9,19,104,7.2,-3,3,4,16,27,2,88,66,1421,4,-14,6,74,-3,92,9
44,1,-5,11,-1,2,22,50,5.30000000000001,0,0,6,26,3,5,24,12,461,4,6,4,26,-4,37,-3
39,0,5,-14,3,-1,12,17,4.90000000000001,-6,6,7,-45,1,-2,62,37,628,-11,7,-2,27,2,4,0
24,1,0,-13,-1,-6,6,33,0,-10,10,3,36,15,-3,-3,-26,652,1,-11,-1,8,3,26,-2
44,-3,6,-1,11,3,3,42,3.8,2,-2,5,33,6,5,9,6,264,8,-1,5,30,-4,37,4
30,-1,3,-12,6,-5,15,36,-5.99999999999999,-5,5,0,7,16,6,29,17,523,2,-12,3,46,-6,13,-2
53,2,7,15,13,6,17,68,1.7,10,-10,5,18,28,2,50,31,765,3,-19,6,39,-1,49,10
2,-1,-3,8,5,-4,-11,2,-2.2,9,-9,2,16,-11,-10,-14,-8,14,18,11,8,-12,11,7,-10
48,-1,-9,-10,-13,4,0,28,10,-5,5,4,4,12,23,24,19,811,-16,-5,-4,40,-22,25,10
26,-1,-2,-6,4,6,0,2,-0.899999999999991,0,0,0,-32,-1,3,34,20,35,-11,5,6,-5,-4,-16,-4
13,2,5,6,15,-4,8,20,-5,6,-6,5,3,19,-9,17,1,203,8,-18,10,9,10,17,6
37,2,4,-18,9,17,40,53,-4.39999999999999,-3,3,4,16,32,19,37,9,597,8,-25,5,71,-19,20,19
4,2,-3,1,-15,-1,-29,-65,-4.90000000000001,9,-9,0,-36,13,3,-29,-22,93,30,-14,-12,11,-3,-44,5
34,2,6,-9,13,3,24,6,-3.10000000000001,-2,2,0,-39,17,6,45,25,185,0,-13,7,26,-5,-7,7
37,0,5,5,5,1,10,71,6.2,11,-11,4,48,22,9,23,16,859,18,-17,0,51,-9,65,6
49,2,-1,-5,3,1,1,64,6.2,0,0,8,53,4,4,11,6,759,14,5,4,54,-3,68,-7
37,-2,8,-1,-4,9,13,11,0.100000000000009,-3,3,2,-10,13,0,21,22,530,-20,-5,-12,24,0,-1,-13
34,1,-7,-10,-8,8,21,82,3.90000000000001,-14,14,2,20,-12,9,62,62,223,9,17,-1,23,-8,67,-3
27,-2,0,11,6,-4,21,82,6.7,5,-5,3,39,-4,-3,43,30,458,3,13,6,16,3,64,2
32,3,5,-7,5,-3,17,16,0.5,-4,4,4,41,15,0,-25,-41,532,-1,-7,0,1,1,1,-3
6,-6,-5,-1,0,4,-5,23,5.59999999999999,-7,7,6,7,3,4,16,23,-70,8,-3,5,3,-4,33,-4
33,1,9,-4,11,3,5,-40,-1,1,-1,3,-40,25,2,0,-12,211,12,-19,2,28,-2,-39,2
17,0,3,1,10,4,24,-2,-1.8,2,-2,3,-6,13,-10,4,-8,537,-7,-8,7,-4,8,-30,-5
14,8,-1,8,-4,3,0,63,3.90000000000001,2,-2,4,65,-4,6,-2,-3,179,0,5,-3,41,-6,61,3
17,3,8,-5,16,-3,2,-22,-1.3,-5,5,0,-39,18,-16,17,-8,561,8,-16,8,-19,16,-29,3
8,12,0,1,4,1,-2,-4,0.299999999999997,2,-2,1,-10,18,-4,6,15,604,3,-16,4,8,5,3,-4
52,-5,1,19,3,2,17,-11,-2.3,8,-8,6,-44,-12,-1,33,18,280,18,20,2,24,1,-33,-9
54,5,-3,-4,-12,-2,-21,-7,11.2,7,-7,3,-26,23,12,19,27,713,16,-13,-9,39,-12,20,6
12,-3,4,-6,8,3,17,47,1.7,-2,2,2,15,-14,-15,32,15,-115,12,17,4,19,14,15,-10
7,3,-4,-25,-9,2,-10,36,16.7,-9,9,-2,21,-4,-1,15,24,334,0,9,-5,1,0,47,-7
66,0,3,4,8,-1,-14,27,14.3,0,0,7,-6,-2,-6,33,26,693,14,13,5,58,6,33,0
69,2,6,6,15,10,23,100,2.19999999999999,5,-5,10,36,12,-3,64,47,974,-5,-1,9,45,2,77,8
53,11,4,0,3,5,1,14,9.59999999999999,2,-2,9,-11,18,3,25,18,638,-6,-9,-1,24,-4,13,17
9,5,-3,-4,3,-2,5,-22,-4.59999999999999,-3,3,0,-6,6,6,-16,-38,1,11,-4,6,-8,-6,-28,3
12,1,3,1,15,-1,36,13,-7.50000000000001,-8,8,2,-10,-9,-5,23,0,-61,-7,13,12,-6,5,-15,-2
13,-1,3,10,-1,15,0,7,5.3,-3,3,3,-9,-4,0,16,23,103,12,7,-4,-5,1,1,-5
41,4,2,23,-8,5,6,-3,3,7,-7,8,25,4,-2,-28,-39,758,-9,4,-10,6,2,-17,2
33,-1,4,-4,10,4,19,42,0,2,-2,2,10,3,12,32,23,207,-7,2,6,49,-11,22,-6
9,2,-3,-12,10,-11,26,91,-2.8,-12,12,-3,63,17,11,28,6,150,4,-16,13,28,-12,67,-1
21,-1,15,-7,18,5,43,80,4,-11,11,3,50,31,4,30,3,692,2,-26,3,44,-4,52,7
24,-2,8,-7,9,-2,-7,-19,-3,3,-3,1,-42,6,4,23,8,147,-3,-2,1,22,-5,-18,11
22,-2,4,3,11,-2,4,35,4.89999999999999,-2,2,5,5,-9,-9,30,16,651,10,15,7,10,9,31,-8
57,-4,-1,-1,-4,4,4,-2,0.299999999999997,6,-6,7,-19,28,12,17,13,876,0,-19,-3,53,-12,-4,-2
16,3,2,-2,-2,0,15,96,6.8,-1,1,3,53,4,3,43,20,144,-10,-2,-4,2,-3,82,4
41,7,-3,0,-2,11,5,45,6.10000000000001,0,0,6,2,-19,5,43,41,605,-13,25,1,34,-5,35,-11
60,2,4,11,1,13,23,79,9.3,5,-5,10,26,10,0,53,55,1028,22,2,-3,78,0,68,-1
56,-1,-1,-8,-1,0,-2,8,11.8,-6,6,6,-29,-1,2,37,29,628,3,10,0,7,-3,8,-6
57,16,13,1,25,5,39,121,6.40000000000001,-1,1,5,53,29,-1,68,28,1100,4,-19,12,53,1,90,9
35,4,2,-5,-5,5,17,-9,-1.59999999999999,0,0,1,-28,-5,9,19,18,539,2,10,-7,28,-9,-17,-2
32,0,0,3,2,12,31,9,-3.40000000000001,-3,3,3,-28,-6,10,37,19,159,6,11,2,2,-10,-8,6
21,0,0,4,1,0,12,29,1,3,-3,2,10,25,-1,19,9,899,-6,-19,1,6,1,15,-2
28,3,-1,-10,-2,-3,-2,43,3.59999999999999,0,0,4,37,-1,3,6,-3,359,0,7,-1,-1,-4,40,-2
10,1,3,-14,10,0,18,63,3.3,-12,12,0,40,5,0,23,15,13,0,-4,7,33,2,54,3
31,4,0,4,0,5,17,22,1.7,0,0,4,28,-9,4,-6,-8,149,-5,14,0,14,-3,8,0
2,-12,3,-7,-2,5,-2,0,-0.699999999999989,0,0,-3,3,-1,2,-3,12,-74,9,0,-5,37,-2,1,-6
12,4,-6,-7,-4,4,-19,-72,0.700000000000003,-3,3,-1,-63,-5,2,-9,-2,190,13,6,2,-3,-2,-57,-4
30,12,-7,11,-3,-5,5,27,0.299999999999997,-5,5,4,25,0,-2,2,-3,405,14,3,4,37,5,19,0
27,5,-6,7,-3,8,-9,-19,-1.5,8,-8,1,-23,7,-2,4,23,785,-15,0,3,16,1,-25,-1
26,0,6,3,20,-3,23,7,-0.0999999999999943,4,-4,3,21,4,-12,-14,-25,11,-11,-1,14,13,10,-8,4
3,-9,-9,5,-6,1,11,5,-0.100000000000009,2,-2,3,4,-16,1,1,8,-390,12,18,3,-22,-2,-2,0
63,4,0,-15,16,-3,18,32,1,-3,3,5,10,8,13,22,9,648,2,0,16,86,-13,29,1
15,-1,2,6,-7,12,1,-42,4.59999999999999,-4,4,3,-60,-9,2,18,27,-86,3,12,-9,-23,-3,-31,-5
27,9,-4,-2,-19,-1,-4,-8,-7.09999999999999,5,-5,2,-3,5,11,-5,4,655,-12,-2,-15,7,-11,-9,-2
21,6,4,6,4,-1,-10,-3,3.89999999999999,5,-5,3,2,-11,-3,-5,-9,539,-3,16,0,-2,2,-1,-6
9,0,1,14,0,-3,-9,23,11.7,12,-12,3,15,-9,-2,8,-1,333,11,13,-1,21,1,39,-7
8,-3,0,2,0,-6,-22,-43,-3.90000000000001,6,-6,-1,-53,-8,1,10,7,-86,11,12,0,-18,-1,-21,-9
14,0,-1,-3,1,-2,-5,28,7.8,-4,4,3,-18,1,6,46,41,19,5,1,2,-4,-6,35,1
66,3,4,-2,9,5,13,70,12,-4,4,9,17,15,-4,53,48,740,4,-3,5,-5,2,59,-4
2,-3,-1,14,4,2,19,58,-4.7,6,-6,-4,76,18,5,-18,-21,244,3,-19,5,37,-6,45,8
12,0,6,-7,10,1,28,27,-5.40000000000001,-3,3,-1,28,23,6,-1,-21,121,4,-22,4,16,-6,2,2
5,7,5,6,1,0,23,54,-3.89999999999999,-6,6,2,6,16,6,48,30,-171,1,-16,-4,36,-6,35,7
45,-1,3,-2,8,3,-4,27,2.1,9,-9,7,-19,7,1,46,36,685,23,0,5,48,-1,35,1
50,2,-1,4,2,-3,6,57,5,-6,6,4,28,13,9,29,22,573,8,-7,3,61,-10,53,0
22,4,-3,-21,-3,6,1,24,14.6,-10,10,2,24,4,1,0,14,-106,-12,0,0,12,-3,38,0
52,4,4,-11,12,-4,9,-45,2.69999999999999,-6,6,3,-41,15,1,-4,-36,698,-16,-6,8,13,-1,-51,4
17,0,-1,-19,-1,1,19,5,0.799999999999997,-11,11,0,5,24,14,0,-2,525,0,-21,0,37,-14,-2,-1
51,2,-5,-1,-7,4,-4,99,13.2,5,-5,6,57,5,1,42,42,838,1,5,-2,65,-2,90,-4
16,0,2,10,8,-7,-4,-8,0.600000000000009,-1,1,2,0,-1,-12,-8,-26,20,-6,3,6,-21,12,-6,-1
15,-8,-7,-24,1,4,-11,-25,-2.09999999999999,-6,6,-3,-42,-4,5,17,20,-118,6,6,8,21,-5,-15,-8
3,3,4,19,-2,8,2,-12,-0.400000000000006,7,-7,3,-21,-15,0,9,13,-234,-6,16,-6,19,0,-2,-5
31,0,10,5,3,1,6,21,4.90000000000001,-4,4,3,14,12,-5,7,-5,524,18,-4,-7,19,5,17,-1
68,-1,3,-11,13,6,22,158,14.6,-3,3,9,50,16,10,108,88,1160,-1,-3,10,79,-9,142,2
31,1,6,9,4,1,0,4,-0.0999999999999943,5,-5,4,-9,9,3,13,-15,383,-4,-2,-2,14,-3,-17,-6
43,-5,-3,4,2,-3,7,5,5.7,13,-13,5,20,13,13,-15,-34,836,-22,-5,5,29,-12,4,11
14,1,-6,-1,-18,0,-26,-39,2.3,1,-1,2,-21,-17,7,-18,-10,147,19,19,-10,7,-7,-17,-1
30,-4,5,9,13,0,8,117,4.3,5,-5,7,41,12,-5,76,59,644,7,-8,8,25,3,107,-3
28,1,8,8,7,2,22,-19,1,2,-2,3,-26,-5,-2,7,-11,108,7,7,2,-16,4,-41,1
2,-14,-10,3,-11,-3,4,-25,-4.3,1,-1,-3,-19,-32,2,-6,-17,-82,-8,32,2,-3,-2,-51,0
43,3,-5,0,0,7,-6,73,0.900000000000006,4,-4,6,15,4,-2,58,61,293,-2,2,4,25,2,81,6
42,17,-5,6,-14,11,10,-19,0.199999999999989,4,-4,4,-7,-8,7,-12,-5,624,7,14,-11,-6,-8,-29,8
24,-4,2,-1,2,16,0,-42,1.90000000000001,11,-11,3,-38,4,3,-4,9,615,-10,7,0,21,-3,-26,2
27,1,-5,-4,-10,-1,-8,20,3.3,-2,2,6,-13,-2,6,33,51,594,2,5,-5,25,-6,31,-1
1,8,0,3,0,5,1,70,5.3,-2,2,0,23,5,-1,47,34,-377,4,-9,0,17,0,66,2
42,16,9,3,17,-3,29,-9,4.90000000000001,-1,1,4,-21,22,7,12,-21,587,12,-13,8,56,-7,-31,-6
17,1,-2,10,1,-2,31,51,5.10000000000001,5,-5,2,30,-5,2,21,13,199,-10,5,3,13,-3,31,2
3,1,-5,-6,-7,0,-18,-18,7.40000000000001,5,-5,2,-13,16,7,-5,-3,245,-8,-17,-2,18,-6,6,5
2,-5,2,0,2,-1,-9,-34,2.8,6,-6,4,-17,8,-3,-17,-10,62,-14,-6,0,-7,3,-16,3
26,2,7,22,11,0,13,120,2.60000000000001,10,-10,4,114,2,-7,6,9,385,-4,6,4,22,6,103,-13
14,5,-4,-5,-18,11,-14,27,2.7,3,-3,1,-17,16,11,44,43,489,-9,-8,-14,-22,-11,34,14
52,2,-2,0,-13,1,13,-23,3.69999999999999,8,-8,4,5,9,19,-28,-43,1095,-11,3,-11,54,-18,-34,-10
86,3,-1,-3,1,-1,28,42,-0.400000000000006,2,-2,7,43,14,10,-1,-20,1028,-11,-5,2,81,-10,18,-3
67,-5,-6,-9,-1,3,10,19,3.5,-2,2,7,37,13,9,-18,-24,810,1,-6,5,47,-10,15,7
42,6,5,9,16,5,34,60,2.5,9,-8,3,17,15,6,43,20,129,12,-10,11,17,-6,39,8
38,-6,5,-12,5,11,24,78,1,-2,2,4,48,13,6,30,19,561,-13,-7,0,45,-5,58,13
75,9,3,-6,6,3,32,83,3.89999999999999,-7,7,7,45,12,13,38,3,1836,-26,3,3,84,-12,54,10
83,9,-3,-5,-3,11,19,-14,3.5,11,-11,11,-41,29,16,27,25,1323,7,-12,0,75,-16,-27,9
38,1,8,7,9,-14,-11,47,3.3,1,-1,5,55,1,-8,-8,-27,322,13,4,1,-7,8,45,-1
29,-5,2,-5,1,0,5,18,2.5,5,-5,5,-7,10,4,25,16,321,8,-6,-1,59,-2,18,-5
23,-4,-3,-11,-6,-1,16,14,5.69999999999999,7,-7,4,-22,-4,7,36,25,9,-6,10,-3,14,-7,2,-6
10,-6,-1,7,-9,-2,10,-71,-3.40000000000001,4,-4,2,-42,-29,0,-29,-21,-406,-17,25,-8,-10,0,-78,-11
3,5,-4,-1,-7,8,-25,-74,2.2,6,-5,2,-99,-6,4,25,31,-212,2,7,-3,16,-4,-57,-3
41,-6,12,-8,11,-3,16,41,0.900000000000006,-5,5,4,12,4,-9,29,4,502,1,3,-1,18,8,21,5
2,0,-4,1,-10,5,5,42,12,-1,1,2,17,-8,6,25,39,-214,-4,7,-6,24,-5,49,-13
42,-5,9,2,3,2,37,98,1.90000000000001,7,-7,5,21,8,9,77,56,525,-11,-1,-6,27,-8,74,-2
72,-3,-1,-8,9,3,20,-7,0.799999999999997,-2,2,5,-41,27,6,34,9,763,-8,-17,10,22,-9,-27,15
50,-6,-1,2,-9,4,5,7,-1.5,1,-2,3,-30,9,7,37,35,1079,-5,-2,-8,24,-9,-4,-2
80,7,2,-2,4,5,13,83,1.60000000000001,-6,6,14,37,16,1,46,27,936,-11,-1,2,45,1,59,-1
14,2,0,-8,-5,-1,-3,-8,-0.699999999999989,-11,12,0,-26,5,0,18,16,161,-14,-1,-5,11,-1,-11,4
6,1,-5,7,-9,-4,-19,78,7,8,-8,-2,-1,6,7,79,65,378,11,0,-4,25,-7,100,6
17,-9,-3,-19,-4,3,-14,-50,-0.100000000000009,-3,3,-1,-13,8,8,-37,-9,439,-10,-6,-1,25,-5,-35,-11
8,2,11,-8,23,-1,-1,-29,2.2,8,-8,4,-33,13,-7,4,5,271,12,-10,12,12,7,-33,1
35,10,10,3,10,6,-5,39,1.8,-3,3,2,-18,12,2,57,57,58,1,-9,0,13,-1,45,-1
20,11,-1,5,5,0,7,115,5.5,-2,2,6,41,18,0,74,74,358,4,-18,6,32,0,114,-3
16,-13,4,-11,15,2,31,54,0.300000000000011,0,0,-2,14,3,0,40,24,518,16,5,11,59,-1,34,5
17,-5,-4,-12,-3,-2,-7,3,5.39999999999999,-2,2,3,-29,6,10,32,25,661,-5,4,1,21,-11,4,7
9,-4,-1,0,4,7,2,-35,6.60000000000001,5,-5,3,-3,7,-8,-32,-19,157,-14,-9,5,0,7,-20,-1
10,-2,-1,0,7,8,26,95,2.80000000000001,-3,3,1,18,10,7,77,54,346,14,-5,8,16,-5,65,10
57,-1,5,7,6,10,13,17,5,-1,1,7,-25,5,9,42,46,949,6,7,1,28,-8,16,-4
14,-2,-4,-3,-5,1,-4,13,-0.200000000000003,12,-12,0,9,-12,12,4,8,359,13,13,-1,26,-12,20,-6
31,7,-2,-5,-2,3,-3,-78,-3.69999999999999,0,0,5,-53,6,5,-25,-22,146,4,3,0,16,-5,-84,-2
60,3,6,-11,-1,6,3,22,1.40000000000001,0,0,8,5,24,9,17,15,954,-23,-14,-7,35,-9,12,13
3,4,-3,16,3,-9,10,61,0.5,11,-11,0,84,-10,-2,-23,-15,205,4,14,6,20,3,51,-6
35,0,1,0,11,4,33,92,0.300000000000011,-1,1,6,9,15,6,83,58,793,1,-9,10,81,-5,62,1
7,0,7,-10,16,4,-4,9,1.19999999999999,-6,6,3,7,5,-4,2,6,266,1,-2,9,-10,3,21,8
12,-9,-4,4,5,-13,-11,-41,-3.09999999999999,5,-5,2,14,0,-1,-55,-44,13,-17,2,9,40,1,-25,-14
13,10,-3,-3,-6,-13,-28,-1,4.59999999999999,6,-6,4,40,-15,-4,-41,-30,-391,-7,13,-3,-5,4,20,-2
8,-5,-4,-4,1,2,14,32,1.90000000000001,-10,10,-3,-6,-18,1,38,32,-15,-14,20,5,8,-2,29,-5
9,9,-3,-9,4,-7,-6,-31,3.09999999999999,-1,1,2,-5,1,5,-26,-33,265,-5,2,7,17,-6,-30,1
37,10,9,-3,8,3,13,63,1.3,6,-6,1,40,1,-5,23,17,525,-6,5,-1,40,4,46,-3
85,13,-1,-1,9,7,42,89,9.8,-1,1,11,33,18,6,56,32,1174,-5,-5,10,100,-6,63,5
4,1,-3,-6,-9,0,-22,-50,1.90000000000001,1,-1,4,-42,-2,3,-8,10,-49,2,-1,-6,-12,-3,-33,0
8,-3,-9,6,-8,-13,-25,-41,2.89999999999999,3,-3,0,19,-3,-6,-60,-47,211,13,7,1,-1,6,-19,1
32,4,1,8,4,1,6,37,2.40000000000001,6,-6,6,11,18,1,26,23,612,9,-12,3,9,-1,36,6
61,6,1,5,-3,7,15,66,5.7,-3,3,6,3,17,8,63,48,1157,-5,-7,-4,63,-8,44,-3
15,-2,5,-13,2,0,24,76,3.09999999999999,-3,3,5,56,19,7,20,-1,308,-13,-19,-3,56,-10,58,4
13,-9,-3,0,-24,-3,-8,-30,0.100000000000009,-3,3,4,-22,-9,17,-8,-1,164,2,15,-21,-5,-15,-15,2
46,-6,-4,-2,8,3,0,1,3.7,7,-7,7,-26,-3,7,27,27,266,1,10,12,33,-8,11,-4
20,8,4,6,1,6,10,68,4.09999999999999,2,-2,0,79,10,5,-11,-16,534,11,-7,-3,30,-4,46,9
30,5,3,3,-12,7,0,52,5.8,8,-8,2,12,-11,6,40,56,-78,2,15,-15,0,-6,68,-2
52,4,-4,-9,-12,8,-5,90,5.59999999999999,-1,1,9,58,10,13,32,36,916,1,-6,-8,98,-13,88,1
33,1,14,3,6,3,4,33,-1.10000000000001,6,-6,4,24,11,8,9,-10,320,2,-7,-8,56,-9,25,19
65,0,-3,-1,-8,-1,5,157,11.2,8,-8,6,116,26,13,41,49,951,0,-16,-5,84,-14,155,7
46,-3,1,0,-11,2,-5,-44,3.5,0,0,5,-33,-1,8,-11,-28,1122,12,15,-12,35,-5,-63,0
14,11,13,-4,15,-6,8,59,4.3,8,-8,0,28,27,-1,31,3,524,-10,-19,2,23,-1,44,6
54,15,-4,-10,-8,-1,12,65,3.8,-5,5,7,3,-5,9,62,36,1090,1,14,-4,40,-10,43,-2
48,2,-1,19,5,4,22,54,3.90000000000001,9,-9,3,10,-31,-1,44,27,972,16,38,6,22,0,32,1
43,6,2,-11,0,13,17,10,1.2,-7,7,6,-14,15,7,24,20,437,-10,-10,-2,59,-7,-5,8
3,4,4,18,5,-1,-21,-51,-2.40000000000001,14,-14,-2,-29,-21,-10,-22,-18,107,0,25,1,-51,9,-47,-5
17,-1,-1,9,0,6,-1,-13,-1.2,7,-7,5,-50,9,6,37,43,119,-10,-3,1,21,-5,-6,15
11,1,2,4,2,-2,-4,37,7.2,7,-7,-1,39,22,4,-2,7,555,12,-15,0,23,-4,53,11
33,-3,3,-1,7,5,26,72,0.599999999999994,2,-2,4,31,41,18,41,32,592,-4,-31,4,49,-18,52,15
104,9,3,-19,4,0,18,130,6,-7,7,9,69,9,7,61,45,1362,15,7,1,63,-8,110,-9
51,11,11,-7,18,-3,18,38,0.5,-6,6,3,-19,15,1,57,18,1178,4,-3,7,10,-3,20,16
51,3,5,-8,-2,2,19,-1,-4.09999999999999,-2,2,7,-47,19,10,46,20,609,0,-6,-7,43,-11,-28,17
48,1,2,-8,6,5,30,-7,-6.30000000000001,-5,5,8,-22,9,8,15,-22,510,8,-7,4,33,-6,-47,9
3,-5,-3,1,-8,6,-6,60,1.39999999999999,9,-9,4,25,-23,-2,35,51,-9,3,25,-5,24,2,64,-8
29,0,6,-8,9,-3,22,54,1.30000000000001,-7,8,6,61,-8,5,-7,-3,193,17,14,3,-7,-5,39,1
34,-1,-1,4,9,-3,6,-37,0.799999999999997,2,-2,6,-27,-17,0,-10,-9,220,0,22,10,21,0,-46,-2
16,2,3,9,4,-3,-4,-25,3.40000000000001,8,-8,8,-37,-2,-5,12,11,147,8,7,1,24,3,-18,-4
26,0,4,6,0,11,23,30,5.5,9,-9,2,11,4,10,19,17,422,-7,1,-4,19,-8,20,1
51,2,-2,4,-2,4,26,7,1,1,-1,6,-19,4,2,26,9,388,-10,8,0,26,-2,-16,7
23,5,-2,-16,-6,-5,-11,-13,4.9,-3,3,-1,-22,0,13,9,4,103,0,5,-4,-3,-10,14,10
1,1,9,6,6,1,0,-49,-1.7,8,-8,1,-37,19,5,-12,-14,360,10,-16,-3,5,-5,-51,5
24,8,-11,-5,-5,3,1,82,6,-5,5,9,63,-5,4,19,29,196,7,7,6,20,-3,88,1
28,2,3,-17,8,2,19,63,4.5,1,-1,5,51,13,7,12,10,506,10,-5,5,88,-6,46,-9
49,1,0,-11,3,1,-1,20,4.2,-4,4,8,4,-3,-3,16,10,716,5,10,3,46,3,8,9
48,5,-2,11,24,-4,35,60,0.799999999999997,1,-1,4,56,9,-1,4,-28,1020,1,-2,26,53,0,26,-1
7,5,-5,14,-10,3,-2,-53,0.199999999999989,13,-13,0,0,-18,6,-53,-28,-179,-11,22,-5,-46,-8,-58,-1
10,-2,1,-5,6,-2,5,-4,3.40000000000001,-1,1,3,-13,-16,-5,9,0,-507,-5,12,5,-1,5,-6,4
10,0,-5,3,0,3,-5,-7,2,9,-9,-1,4,6,13,-11,-16,430,-4,1,5,22,-13,-2,2
34,4,-3,-3,-6,-1,13,-42,-0.299999999999997,-4,4,2,2,1,7,-44,-45,-123,-14,2,-3,31,-6,-67,-1
5,1,1,-7,1,-1,12,-32,-1,0,0,-3,-32,-5,8,0,-17,-343,1,8,0,-20,-8,-49,4
46,11,8,-10,5,-8,-6,16,0.600000000000009,2,-2,8,-1,13,2,17,-16,665,27,-1,-3,47,-1,8,1
17,1,11,1,18,1,-8,50,4.40000000000001,8,-8,1,17,0,0,33,33,539,9,9,7,16,0,64,-2
33,7,5,-3,6,-1,-11,58,5.2,0,0,7,13,4,0,45,28,611,27,9,1,46,1,55,6
36,-8,12,-8,10,5,10,-42,0.700000000000003,-2,2,0,-34,8,-4,-8,13,475,-5,0,-2,-2,4,-49,1
43,4,7,20,10,4,30,-51,-4.59999999999999,11,-11,2,-44,16,9,-7,-30,621,-5,-11,3,16,-10,-80,1
8,3,9,-7,13,-2,9,15,-4.7,-2,2,2,-31,10,0,46,13,466,-18,-7,4,38,2,-9,0
23,2,-1,-20,1,-2,-13,-44,0.799999999999997,-5,5,-3,-64,15,5,20,8,226,-6,-10,2,15,-5,-29,4
2,2,-6,2,-10,5,11,22,5.3,-7,7,-4,7,-10,8,15,17,-170,-3,3,-4,24,-7,24,-7
39,-10,7,7,6,6,20,-12,-1.7,-5,5,1,-40,7,-2,28,15,572,-5,2,-1,36,3,-34,-7
7,-1,6,-1,11,6,17,13,-6.5,3,-3,2,11,5,-4,2,-10,64,-11,-3,5,4,4,0,-1
8,2,9,3,11,2,25,52,-1.5,0,0,3,67,-24,-5,-15,-16,250,-2,26,2,-39,6,31,1
25,-7,-2,-11,-5,5,-8,12,2.10000000000001,-4,4,4,-22,2,-3,34,30,209,3,0,-3,12,3,16,6
69,1,3,-13,16,7,13,97,8.60000000000001,-2,2,12,67,40,14,30,12,1021,-4,-31,13,51,-15,94,10
10,7,0,7,-5,-6,-18,31,1.80000000000001,9,-9,2,5,11,11,26,17,185,10,-10,-5,22,-8,50,10
21,-8,0,-8,3,4,9,-27,0.599999999999994,-2,2,3,-21,0,2,-6,-25,-170,-19,0,3,-35,-2,-48,-1
40,-1,8,5,-5,4,5,27,0.699999999999996,13,-13,2,1,25,12,26,15,940,16,-14,-13,63,-12,20,1
28,-1,-5,-11,3,4,-1,45,0.800000000000011,-10,10,4,-3,0,-8,48,42,489,-8,6,8,25,10,40,-1
109,3,4,-8,3,2,20,54,5.59999999999999,6,-6,15,28,30,6,26,14,1577,-1,-8,-1,78,-9,41,5
18,1,0,8,-12,-2,12,37,-2.8,5,-5,-1,28,-5,7,9,-8,808,-32,11,-12,-9,-6,14,-2
35,3,8,8,13,-5,-1,-20,-8.10000000000001,7,-7,5,-33,-3,-4,13,-14,504,-7,8,5,11,5,-31,5
15,0,2,10,10,7,22,-6,-2.2,4,-4,-1,-2,-2,1,-4,7,-54,-12,4,8,2,-3,-23,-2
28,3,-7,-1,-5,-4,17,-2,-6.90000000000001,-3,3,2,5,14,13,-7,-21,697,-6,-9,2,1,-15,-31,5
49,-6,-8,12,-19,18,20,68,1.7,8,-8,8,33,17,12,35,53,893,-15,-5,-11,61,-11,60,-7
85,17,1,1,2,-4,17,139,9.3,-2,2,9,109,21,11,30,1,1142,-3,-7,1,96,-11,122,-2
71,4,0,-13,-14,3,-1,5,0.400000000000006,3,-3,7,-1,3,20,6,-4,844,10,7,-14,60,-20,-4,-3
16,1,1,24,-12,5,-19,-13,5.19999999999999,14,-14,1,-20,-4,8,7,5,285,12,9,-13,-8,-9,3,7
71,-1,2,5,12,0,1,56,8.40000000000001,-2,2,11,50,-6,-2,6,10,766,-6,18,10,61,2,55,-4
22,18,5,8,-1,-12,-2,-5,6.69999999999999,0,0,2,2,20,-1,-7,-10,312,-9,-15,-6,4,1,1,3
42,15,8,-3,19,1,-7,17,-0.600000000000009,-3,3,9,-20,21,-2,37,17,489,-3,-15,11,49,2,19,4
57,-6,6,-3,0,8,3,-23,2.8,3,-3,6,-21,19,6,-2,-14,746,-8,-13,-6,40,-6,-24,4
2,1,13,-10,31,6,27,65,1.8,-7,7,2,39,17,-16,26,19,396,-9,-22,18,27,17,45,3
18,3,-10,-1,-10,8,-3,2,4,3,-3,-2,-22,-9,8,24,26,384,-14,15,0,22,-8,-6,2
28,11,2,18,8,5,16,73,5.3,16,-16,3,35,-14,0,38,34,287,-17,18,6,-5,-2,55,-5
27,13,2,6,6,5,20,-36,-1,8,-8,3,-3,1,3,-33,-30,142,3,7,4,34,-3,-46,0
2,-1,7,7,4,7,5,-33,-1.5,0,0,2,-15,-3,-3,-18,-15,-674,6,0,-3,-21,1,-41,-12
21,-3,7,-14,5,1,-7,-21,7,-2,2,4,-40,26,-3,19,24,274,7,-23,-2,2,4,-9,16
39,2,-10,-20,5,-6,2,14,6.3,-5,5,5,23,-6,9,-9,-16,515,21,11,15,23,-8,25,-10
2,3,-7,12,-5,-8,-6,25,1.8,5,-5,-1,11,-12,4,14,3,-320,26,11,2,28,-3,35,-7
55,-4,1,11,9,0,19,78,1.3,12,-12,6,26,3,-1,52,33,443,2,1,8,42,1,58,2
12,-3,-1,2,2,-3,11,31,1.60000000000001,2,-2,2,22,13,11,9,-1,249,-2,-10,3,53,-11,26,4
63,-2,4,3,7,13,24,31,1.30000000000001,-3,3,5,10,7,3,21,10,942,3,2,3,67,-2,5,3
16,-4,-2,-5,7,1,17,-4,-0.900000000000006,-9,9,-1,0,1,-4,-4,-4,42,-12,0,9,-18,4,-24,-6
33,-4,2,4,15,-1,37,5,-7,-2,2,6,15,-4,-2,-10,-15,726,11,14,13,48,1,-36,-11
44,21,-4,9,8,10,22,115,6.8,3,-3,7,48,19,-2,67,44,950,1,-8,12,75,1,101,5
35,-6,-3,-27,-4,6,-11,-10,3.2,-4,4,6,-47,1,6,37,23,500,-1,7,-1,0,-4,-9,0
6,9,-2,10,-3,-2,-9,16,6.2,11,-11,-2,-10,1,6,26,15,156,-29,2,-1,1,-5,19,-2
54,1,2,9,-6,4,12,-24,-1,11,-11,5,-28,10,12,4,-4,621,9,-2,-8,57,-10,-25,-2
24,-5,1,1,-1,6,2,-35,0,-1,1,1,-33,13,4,-2,-2,72,10,-9,-2,3,-4,-37,3
5,-2,4,7,-2,1,5,16,1.09999999999999,-1,1,0,13,11,5,3,-16,-4,-23,-10,-6,2,-4,1,3
72,-1,-4,4,-1,-5,-3,23,3,10,-10,10,13,23,4,10,7,675,31,-17,3,51,-3,37,2
22,3,3,-2,22,4,31,4,0.399999999999991,-2,2,4,-2,-7,0,6,-15,398,-2,13,19,31,1,-20,-7
35,1,-2,-13,-6,8,0,62,4.9,-6,6,6,14,8,3,48,46,505,-12,-2,-4,31,-3,53,0
13,1,8,29,20,-1,-1,-26,3.3,7,-7,6,17,-1,-20,-43,-14,-234,7,3,12,3,21,-22,-12
44,1,-1,-12,-7,8,11,6,0.5,-4,4,5,-25,9,19,31,21,941,5,3,-6,62,-19,-1,1
59,5,9,-6,4,8,24,53,2.30000000000001,-4,4,8,7,18,6,46,23,551,12,-15,-5,46,-6,33,11
3,0,-10,-1,-14,-2,17,-32,-3.2,-2,2,-2,8,-13,12,-40,-44,-259,-12,10,-4,11,-12,-45,-10
35,11,4,-8,6,1,9,2,-4.09999999999999,-7,7,6,25,-1,-4,-23,-8,365,3,7,2,8,2,-8,9
105,-4,5,-17,20,3,36,95,12,-1,1,17,34,22,12,61,25,1764,-18,-5,15,112,-8,68,2
74,8,-7,-2,-4,6,18,46,3.3,-1,1,13,36,20,10,10,-2,1039,2,-12,3,79,-10,23,2
4,2,3,0,3,7,23,-27,-4.40000000000001,-1,1,1,-22,15,6,-5,-26,148,-17,-15,0,2,-5,-36,0
7,12,6,7,12,-10,6,101,-0.900000000000006,7,-7,3,80,5,3,21,-1,212,23,-5,6,25,-2,88,-4
9,-5,-1,-12,0,0,-8,13,0.200000000000003,-1,2,5,-18,-17,-3,31,38,-85,-6,17,1,-3,2,19,-4
20,3,0,2,7,-2,10,35,-0.0999999999999943,-8,8,5,33,6,1,2,-4,251,-5,1,7,15,-4,22,4
4,-2,-8,-24,-3,2,0,27,2.60000000000001,-7,7,1,-4,11,9,31,28,584,-13,-13,5,24,-8,12,0
4,5,-2,6,0,4,-21,-28,2.19999999999999,-1,1,2,-16,-7,-7,-12,2,-260,17,9,2,11,6,-12,8
17,5,12,2,25,1,-13,21,7,0,0,5,9,9,-14,12,19,356,-4,-7,13,12,15,38,10
17,-11,2,9,14,1,22,26,4.09999999999999,4,-4,3,26,8,-5,0,-2,452,14,-4,12,20,5,15,3
104,6,-7,-15,-7,-1,-17,62,9.89999999999999,-3,3,13,27,-7,4,35,46,1710,-13,24,0,89,-5,74,-2
9,1,-2,3,9,1,8,-10,0.600000000000001,13,-13,4,-8,-3,0,-2,-9,-516,12,-1,11,-13,-1,-21,-3
26,5,-1,0,5,1,9,-34,-0.299999999999997,-2,2,-1,-30,7,11,-4,-9,238,-9,-5,6,8,-10,-39,-7
23,-4,-4,2,-9,-1,6,42,-2.09999999999999,-4,4,0,28,11,9,14,-6,311,-13,-6,-5,59,-11,31,2
22,0,-4,-5,-7,0,-8,30,4.5,-5,5,2,-6,-4,4,36,33,490,-17,5,-3,14,-4,34,6
9,-4,-1,11,-4,-5,6,-31,-6.09999999999999,2,-2,5,-22,-3,0,-9,-30,-181,-2,2,-3,-2,0,-40,-2
49,5,-2,0,7,-1,39,77,-3.5,-10,10,4,30,25,15,47,10,914,23,-18,9,66,-14,38,10
33,-3,1,7,8,7,15,5,0.100000000000009,2,-2,6,23,-4,0,-18,-18,143,-3,11,7,0,-1,-18,3
39,0,4,-13,8,9,6,64,7,-3,3,7,11,10,-6,53,49,539,-7,-4,4,13,6,61,-10
33,3,-6,2,-4,-1,0,-45,1.39999999999999,1,-1,3,-25,11,2,-20,-29,661,2,-7,2,21,-2,-52,1
7,-3,-1,0,5,2,8,-6,0.899999999999991,-3,3,2,-1,9,-6,-5,-7,19,10,-11,6,-6,5,-8,0
26,1,-6,-4,-3,4,1,93,3.39999999999999,8,-8,2,72,14,9,21,26,105,8,-11,3,50,-8,93,-4
32,3,-2,12,-9,1,-18,-72,-0.300000000000011,9,-9,4,-68,-3,9,-4,-10,376,20,8,-7,-7,-10,-63,12
44,2,2,-8,2,7,23,164,11.3,-17,16,7,57,18,9,107,96,637,-4,-11,0,73,-9,154,7
26,-1,0,-28,-3,0,-3,-4,-2.89999999999999,-11,11,-1,-16,-2,4,12,3,349,-3,8,-3,6,-4,-6,-4
11,4,3,3,-2,-8,-13,-13,6.3,4,-4,0,1,-4,5,-14,-23,337,-11,3,-5,13,-3,0,-8
20,1,10,4,1,2,-3,24,5.59999999999999,-6,6,1,-19,23,0,43,34,567,13,-19,-9,32,0,30,5
19,-4,8,-9,12,-6,5,92,5.40000000000001,-9,9,0,71,17,-1,21,26,691,18,-15,4,17,1,91,2
24,-3,2,2,-6,5,33,-20,-0.799999999999997,0,0,2,-38,-4,6,18,18,395,-15,10,-8,12,-6,-33,-8
18,16,2,-3,0,-1,3,17,-0.699999999999989,-5,5,3,-2,-10,6,19,23,355,8,12,-2,17,-6,22,-4
19,4,-5,14,-7,3,4,107,9.40000000000001,4,-4,4,71,0,3,36,38,486,-9,4,-2,26,-3,100,4
22,-6,3,0,0,-4,-8,-52,5.89999999999999,8,-8,5,-53,8,-2,1,-18,41,-2,-4,-3,-14,2,-40,-2
5,-7,-6,8,-14,8,-2,-24,-0.599999999999994,15,-15,2,-10,-18,12,-14,-9,-405,-16,18,-8,2,-12,-16,-3
22,-3,-2,14,7,-9,20,-26,-0.400000000000006,-1,1,6,-14,6,5,-12,-22,-77,-13,-6,9,-4,-5,-41,3
4,9,6,7,1,2,12,80,-0.200000000000003,4,-4,0,38,6,1,42,33,233,-9,-4,-5,30,-2,67,1
7,3,0,5,-1,2,-13,-63,-3.40000000000001,-1,1,-1,-32,-2,3,-31,-21,-10,-18,3,-1,19,-1,-54,-1
62,6,3,-1,3,3,16,55,4,0,0,9,45,20,0,10,-9,703,2,-9,0,79,2,47,-3
58,5,2,10,9,1,5,29,1.8,4,-4,7,-5,7,-3,34,26,1318,-8,9,7,30,3,14,0
42,5,6,-7,17,7,21,29,1.8,9,-9,0,23,33,17,6,-7,384,-1,-30,11,29,-16,12,12
24,-9,6,9,2,4,5,5,0.5,1,-1,6,-14,4,-6,19,7,320,-7,-2,-4,12,6,-10,-2
40,4,0,-5,3,-4,7,6,1.3,-7,7,6,0,-8,-2,6,-14,359,-2,14,3,-8,2,-2,-4
44,-9,5,4,16,2,-2,41,8.8,10,-10,5,-3,-5,-2,44,30,442,-1,11,11,-6,2,43,-1
23,-1,2,-5,-1,-1,6,31,-2.3,3,-3,6,8,7,-4,23,10,391,16,-1,-3,14,4,17,2
4,3,-3,-7,-11,0,4,24,1.90000000000001,-3,3,0,1,8,9,23,8,195,-8,-8,-8,19,-9,23,2
49,4,-6,5,11,5,1,18,4.2,-2,1,4,-22,6,-2,40,5,718,3,1,17,46,1,1,-7
29,-10,5,6,12,6,21,47,-0.400000000000006,1,-1,0,2,7,0,45,17,239,-5,-3,7,11,0,20,-1
41,5,-3,1,-3,3,34,62,6.2,10,-10,4,-2,11,18,64,31,743,-2,-6,0,55,-18,41,11
58,-2,-5,-4,-1,-1,35,128,13.3,-1,1,8,103,21,4,25,13,1228,-7,-10,4,53,-4,111,6
19,2,-2,-12,-1,-5,8,22,-0.700000000000003,-16,16,-3,-8,26,-2,30,4,688,3,-23,1,13,2,10,2
1,2,1,0,14,-10,15,50,3.3,0,0,-2,56,24,-6,-6,-11,61,32,-27,13,23,6,50,20
18,-8,0,-8,5,-3,1,-29,3.69999999999999,-5,5,2,-29,3,0,0,-3,72,7,3,5,0,0,-23,0
20,-3,-7,2,-17,1,1,8,0.399999999999999,2,-2,2,20,-7,5,-12,-12,163,-13,10,-10,12,-5,-3,1
24,-3,6,5,10,-3,7,5,-1.8,8,-8,6,-21,0,-1,26,21,-9,12,6,4,5,0,3,-6
25,7,-1,-10,-9,-3,-17,57,3.69999999999999,1,-1,4,0,-4,2,57,57,346,7,11,-8,27,-2,69,13
5,-5,5,-12,6,4,-15,-70,-3.2,-7,7,-1,-67,-10,-6,-3,-3,-175,15,10,1,2,7,-84,-2
7,-2,2,1,11,-6,16,56,6.39999999999999,-2,2,-1,28,16,8,28,3,-65,-10,-18,9,23,-7,57,5
25,-2,5,15,-2,-1,-4,6,7.3,8,-8,3,21,6,-7,-15,-6,482,2,-1,-7,-10,7,14,-4
12,3,-5,5,1,4,2,-60,-6.6,-4,4,3,-54,-12,-7,-6,-7,-39,22,16,6,-17,8,-71,-4
27,1,-1,1,-15,2,18,42,0.299999999999997,6,-6,5,33,13,12,9,17,461,10,-8,-14,61,-13,33,2
26,-1,-3,4,3,-3,24,76,5.2,-3,3,3,39,3,3,37,22,177,1,2,6,34,-3,72,1
4,5,1,-13,1,-2,17,4,-1.89999999999999,1,-1,1,22,11,5,-18,-24,136,-7,-10,0,18,-5,2,-6
2,3,-3,-10,2,-8,-15,-19,0.400000000000006,-2,2,-2,-18,-17,-4,-1,-4,244,-1,21,5,-22,4,-10,-7
70,1,-3,3,-1,4,7,85,6.3,-1,1,5,41,8,-3,44,40,899,19,4,2,34,3,84,9
67,3,0,4,6,4,33,93,5.59999999999999,-7,7,8,27,-3,-2,66,32,820,7,16,6,48,5,58,-6
27,-6,6,-8,10,-1,18,12,1,-7,7,6,5,27,5,7,-19,489,-3,-23,4,28,-5,-4,3
4,6,2,16,-5,-2,-5,0,0.399999999999991,8,-8,7,1,9,5,-1,3,266,2,-7,-7,24,-6,5,-6
3,6,-5,6,6,-2,3,72,3.8,3,-3,4,38,4,-1,34,19,186,4,-4,11,31,1,70,3
23,2,4,-16,15,4,4,63,6.7,-3,3,5,19,-5,-10,44,31,257,11,10,11,11,9,63,4
56,-8,6,5,4,6,27,34,1.5,4,-4,3,-28,22,1,62,37,710,-5,-17,-2,35,-1,13,15
9,6,-1,11,9,8,-4,-52,-1.10000000000001,2,-2,0,-29,-15,-11,-23,-11,-205,-3,15,10,-43,11,-45,-10
6,3,7,2,22,0,-7,5,0.599999999999994,2,-2,3,3,0,-13,2,-3,-21,11,3,15,-37,13,12,-2
44,-2,7,5,5,3,10,27,8,16,-16,4,37,28,3,-10,-3,969,-10,-21,-2,70,-5,34,2
25,0,1,16,7,3,-21,-26,0,8,-8,4,-33,-20,1,7,3,169,13,24,6,-6,0,-42,-1
33,-1,5,10,-12,3,9,7,-3,2,-2,1,56,0,5,-49,-46,552,3,7,-17,21,-6,-9,-2
4,-1,2,-4,8,-2,6,3,-4.1,-6,6,1,-28,5,1,31,31,178,-14,-4,6,21,-1,-16,-2
92,6,4,3,4,-3,16,76,12.7,-2,2,14,60,18,4,16,2,1116,11,-5,0,107,-1,62,3
57,-3,8,-6,18,2,2,111,6.09999999999999,3,-3,10,49,24,-4,62,53,1069,20,-15,10,67,4,104,12
91,1,5,-1,17,6,10,33,7.7,-5,5,10,4,-10,-5,29,24,559,8,24,12,7,5,17,-11
5,-4,0,-6,-5,-1,3,70,9.09999999999999,0,0,2,38,9,5,32,29,433,-8,-8,-5,29,-4,70,12
20,0,-4,5,-12,0,-25,-41,3.39999999999999,-1,1,-2,-54,-10,11,13,1,-47,14,9,-8,-3,-13,-32,-2
1,5,-1,-14,-1,0,32,46,-8.7,-3,3,0,57,9,11,-11,-17,0,-5,-8,0,7,-11,12,9
7,7,3,7,13,-1,19,20,-0.399999999999991,3,-3,-1,-9,6,-3,29,14,-77,-1,-5,10,-2,2,5,3
95,12,0,5,-4,1,16,174,9,7,-7,17,124,25,16,50,35,1283,3,-9,-4,143,-16,157,-6
48,-1,2,-5,5,0,-2,-54,2.6,14,-14,9,-48,1,1,-6,-14,503,0,5,3,9,-1,-40,3
21,10,-8,13,-22,0,11,-19,-0.5,2,-2,3,11,-2,9,-30,-34,73,2,4,-14,-1,-9,-32,2
24,-4,-7,-2,-8,2,3,25,6.40000000000001,8,-8,6,7,5,8,18,12,472,-16,-1,-1,12,-8,31,7
13,8,2,-11,-1,-3,-8,-41,-3.2,-2,2,2,-41,8,0,0,6,338,-24,-5,-3,-39,-1,-40,1
32,4,8,2,0,0,-8,18,3.2,3,-3,6,2,12,-4,16,6,443,7,-7,-8,41,4,14,2
27,0,-7,-3,-9,-8,2,-30,3.10000000000001,6,-6,6,-46,-15,5,16,-5,547,5,22,-2,-28,-5,-41,7
1,5,1,11,-6,6,-1,-46,2.5,4,-4,-2,-45,-8,-4,-1,0,-156,1,10,-7,-11,3,-46,-1
27,0,3,-2,18,5,30,21,2.8,-6,7,4,-2,3,-7,23,25,64,16,2,15,5,9,1,-8
10,4,9,4,-2,8,-6,16,1.3,11,-11,0,31,14,1,-15,-15,486,-4,-10,-11,11,-1,13,7
59,-10,8,-11,9,-3,12,56,5.7,7,-7,9,1,6,8,55,41,592,-10,3,1,47,-10,42,7
33,7,-4,-18,-1,2,-2,14,1.59999999999999,-5,5,4,2,33,11,12,7,912,-10,-28,3,45,-11,18,1
24,7,5,-9,-10,8,-18,2,5.40000000000001,4,-4,2,-4,2,8,6,10,353,-6,2,-15,28,-8,19,1
56,0,-1,1,8,6,13,49,1.89999999999999,6,-6,10,45,23,-3,4,-26,783,-4,-14,9,60,4,29,-6
17,7,-3,-12,-5,-4,9,37,-0.5,5,-5,1,31,1,10,6,-2,276,-10,0,-2,-2,-10,27,8
104,1,-10,-7,-3,6,36,125,5.80000000000001,-5,5,14,68,29,13,57,26,1420,6,-11,7,94,-14,93,5
53,2,1,11,1,3,-15,-5,2.60000000000001,8,-8,6,4,-10,-3,-9,2,526,-5,18,0,0,1,2,-13
66,6,1,24,-3,2,9,91,8.39999999999999,13,-13,10,31,19,3,60,49,968,7,-6,-4,74,-4,87,4
32,7,-2,-2,-14,0,-54,-71,5,14,-14,2,-52,-11,4,-19,-1,494,-10,18,-12,-9,-4,-37,-9
61,-9,0,-20,1,4,21,33,-2.19999999999999,-12,12,5,13,24,8,20,-8,1206,-9,-13,1,35,-8,0,9
72,1,-6,1,-3,8,-2,64,11.7,14,-14,11,36,2,5,28,33,970,2,13,3,49,-6,52,-12
38,-2,0,5,-15,5,14,-30,1,1,-1,7,-12,5,16,-18,-21,546,-30,2,-15,-3,-16,-47,-5
10,4,-7,-7,-1,-4,-21,54,6,0,0,-1,3,-7,8,51,49,158,-2,6,6,-5,-8,76,8
47,21,-4,10,-5,-7,-13,-39,1.8,3,-3,0,6,-10,-10,-45,-37,652,-3,19,-1,-19,10,-48,3
3,2,-3,2,-14,-2,-24,-19,5.2,8,-8,-2,13,-17,6,-32,-13,-360,9,17,-11,-8,-5,3,6
19,-4,0,1,6,0,20,55,2,0,0,-6,33,-5,-4,22,11,-191,-20,2,6,-20,4,29,4
4,-7,2,1,19,-3,16,1,-2.3,7,-7,3,-28,-4,-4,29,9,-301,15,3,17,-6,3,-2,-21
52,-1,10,-5,13,4,30,71,7.09999999999999,-9,7,7,43,20,-2,28,17,367,-20,-12,3,57,2,38,6
3,-7,15,9,21,-5,16,63,3.90000000000001,-3,3,0,5,-4,0,58,27,-217,9,3,6,23,1,44,2
47,0,7,-1,11,-2,13,61,3.5,-3,3,5,16,31,2,45,31,953,6,-25,4,79,-2,54,9
1,-2,0,-4,1,-7,3,28,2.8,-5,5,3,38,-8,-4,-10,-4,-298,0,8,1,-15,4,25,2
20,8,7,-4,8,0,2,62,4.2,-12,12,3,30,5,-9,32,17,598,-4,1,1,27,9,54,2
6,2,0,7,-1,2,2,-14,-3,12,-12,1,11,2,0,-25,-26,61,15,0,-1,-8,0,-16,0
32,-5,-4,-4,5,-6,-13,21,8.59999999999999,4,-4,2,3,-8,-4,18,2,295,4,14,9,-15,3,21,1
11,-6,-1,-5,-6,-1,-10,-8,-2.39999999999999,9,-9,2,-20,2,7,12,12,104,-17,-1,-5,-4,-8,-16,4
2,2,-1,-1,-7,9,-11,-27,-1,-2,2,4,-41,-6,3,14,30,-215,14,8,-6,12,-3,-11,-5
29,0,4,4,10,0,23,14,3.7,2,-2,3,-2,21,-1,16,0,293,24,-16,6,23,1,2,4
28,0,3,-7,4,8,24,18,2.89999999999999,-3,3,-1,20,0,5,-2,-13,93,-2,5,1,6,-5,3,-8
1,-7,2,2,15,0,14,65,2,0,0,-2,18,15,-5,47,31,461,-9,-16,13,16,2,61,-1
3,1,-3,8,-9,1,-7,47,8.5,3,-3,4,-10,-8,7,57,60,-213,-2,9,-6,23,-7,54,1
18,6,5,-14,4,1,1,21,2.59999999999999,-1,1,2,8,7,1,13,6,31,0,-4,-1,13,0,17,-2
15,-1,4,15,10,0,-10,-46,0.599999999999994,9,-9,-2,-56,-6,-8,10,8,289,8,6,6,-26,7,-36,10
20,4,2,0,-4,1,-8,-18,3,-4,4,5,-45,1,3,27,30,292,-3,4,-6,-6,-3,-11,-6
27,4,-1,-10,-1,2,4,13,0,2,-2,0,0,-4,7,13,6,610,-12,7,0,28,-6,1,-4
22,3,3,-10,0,3,20,41,3.5,-12,12,1,38,15,0,3,-2,357,-8,-12,-3,30,1,24,1
42,-6,-1,-9,7,3,35,12,-4.5,-5,5,3,-7,5,-1,19,-3,816,8,1,8,21,2,-23,-2
20,-6,-8,-5,-1,4,-16,-8,3.89999999999999,4,-4,1,-38,22,2,30,43,391,-21,-19,7,3,-1,10,5
32,-2,2,-4,11,-6,-8,9,-2.09999999999999,9,-9,0,-5,8,7,14,14,261,-15,-4,9,28,-4,27,-3
3,2,2,-4,-3,1,0,40,5.7,-3,3,0,20,9,2,20,24,218,12,-10,-5,33,-2,44,-3
43,4,9,0,13,8,25,34,-0.0999999999999943,-1,1,5,18,22,-4,16,-4,897,3,-11,4,52,3,9,8
30,3,-1,-10,5,4,9,47,7.2,0,0,0,-9,15,8,56,43,402,11,-10,6,33,-8,40,6
23,0,7,8,5,-4,5,-29,-1.5,10,-10,4,-38,-5,4,9,0,-70,-5,8,-2,-1,-5,-35,3
5,-1,6,-2,-5,-3,-2,23,-0.0999999999999943,0,0,-2,33,-10,-4,-10,-9,262,16,12,-11,6,4,32,-4
7,0,7,7,9,0,3,1,-8.8,8,-8,-2,-1,13,4,2,-5,-127,13,-13,2,3,-5,4,10
29,0,2,-2,12,-6,11,27,1.69999999999999,-6,6,-2,-1,5,-10,28,5,331,-11,-1,10,-7,10,8,-1
3,5,5,12,8,-1,7,5,-4,-4,4,2,-4,2,-3,9,11,158,-12,-1,3,-18,3,-12,8
4,5,5,-1,13,2,5,27,-1.7,2,-2,0,-6,1,-1,33,28,73,4,-2,8,-15,1,22,1
32,-1,5,18,11,1,31,60,5.2,2,-2,3,26,20,0,34,9,723,9,-14,6,44,-1,42,-1
41,3,-1,3,-2,2,6,31,9.8,-4,4,4,-12,13,13,43,31,586,1,-6,-1,19,-13,22,-4
31,0,2,4,-12,-1,11,42,4.40000000000001,3,-3,5,22,6,13,20,15,229,1,-2,-14,34,-13,50,-2
51,2,2,-6,-1,1,12,29,14.2,-7,7,4,3,16,7,26,10,638,-7,-11,-3,54,-7,30,5
63,-4,-6,-10,-5,4,15,69,11.7,-8,8,11,-1,-5,7,70,58,671,-3,15,1,39,-7,62,-3
26,-1,3,1,8,1,20,79,8.8,-7,7,6,39,6,-4,40,22,288,16,-1,5,10,4,66,6
51,-2,-2,10,7,4,20,38,6.8,8,-8,4,-5,12,6,43,28,859,3,-3,9,40,-6,24,0
4,3,-3,-3,-15,3,-5,-1,3,1,-1,1,-16,-4,8,15,28,206,16,5,-12,-15,-7,14,2
4,-4,-1,-13,0,0,-6,-1,6.8,-7,7,1,7,8,5,-8,-14,155,15,-8,1,10,-5,11,18
59,-2,2,-4,0,8,-9,56,12.1,-1,1,6,10,-3,4,46,49,827,-9,12,-2,39,-4,53,4
24,1,4,-6,3,-4,-5,47,6.2,-8,8,2,20,12,-7,27,5,162,6,-6,-1,-11,7,50,2
1,-9,-6,-2,-6,-3,-2,-43,-4.80000000000001,6,-6,-1,-39,12,8,-4,5,-93,2,-12,0,16,-8,-31,7
4,-1,7,13,12,-7,18,12,-10,-2,2,0,-10,-1,-8,22,-10,235,10,3,5,19,8,-16,-2
33,2,5,10,7,9,41,94,-1.3,5,-5,2,49,28,16,45,33,645,-6,-24,2,97,-15,70,1
12,10,6,6,-3,1,33,7,-6.2,-1,1,0,-2,42,13,9,-4,392,-11,-42,-9,38,-13,-10,10
28,5,0,13,5,4,10,91,7.3,8,-8,5,41,14,1,50,39,680,15,-8,5,52,-1,85,5
16,0,14,9,21,-6,12,33,4.8,2,-2,3,34,12,-10,-1,-12,389,-2,-8,7,8,9,24,3
11,4,2,5,8,-2,18,41,3.10000000000001,-3,3,0,4,9,-2,37,16,386,-9,-9,6,12,2,25,-3
38,-1,3,8,7,3,15,76,2.80000000000001,3,-3,7,21,8,5,55,28,542,14,-3,4,36,-4,65,-5
24,3,3,-6,7,5,10,28,9.3,-1,1,2,10,-3,6,18,6,208,3,6,4,29,-6,26,-3
35,-5,4,3,3,7,25,65,2.7,1,-1,4,58,11,6,7,0,466,-1,-4,-1,57,-5,45,-7
36,-1,12,-6,15,-2,10,59,4.3,-2,2,2,26,6,-1,33,-2,392,12,-4,3,54,0,45,8
14,0,-1,-15,-7,-4,-8,86,18,-5,5,-1,58,11,1,28,42,362,-7,-9,-6,33,0,108,1
15,-3,3,-12,-10,11,1,-15,6.59999999999999,1,-1,5,-21,-5,6,6,22,158,11,8,-13,3,-6,-7,-7
26,12,-8,5,-16,-4,-13,-32,0.5,6,-6,1,9,2,12,-41,-38,375,2,2,-8,47,-12,-24,2
64,6,-1,-6,6,13,28,93,7.40000000000001,-5,5,5,19,16,10,74,46,976,6,-4,7,42,-8,73,0
5,-5,-4,-4,4,-3,-23,1,1.8,-1,1,0,-21,-13,-2,22,29,25,-16,12,8,0,2,10,-7
16,-4,-3,-4,-2,-12,7,51,7.09999999999999,4,-4,-1,36,0,7,15,-14,421,-19,5,1,26,-7,42,-3
36,-1,2,3,9,4,30,80,3.7,-2,2,5,28,9,7,52,27,468,11,-4,7,38,-7,56,0
32,-3,-2,-3,-3,0,-8,-33,4.39999999999999,3,-3,2,-32,4,7,-1,2,159,-6,1,-1,25,-5,-23,2
15,-2,6,-13,3,-1,-6,-82,-1.59999999999999,-4,4,-3,-85,-3,-4,3,-4,-61,13,6,-3,-8,4,-79,0
19,-6,7,-6,0,-3,-1,-11,-2.09999999999999,-3,3,4,-40,-5,1,29,38,-15,15,6,-7,36,1,-11,-1
44,7,4,13,-3,-3,-5,-34,-1.10000000000001,9,-9,9,-38,23,-5,4,10,682,13,-16,-7,7,5,-19,8
6,-4,5,1,3,5,8,-50,-2,2,-2,0,-50,-3,1,0,7,-282,15,4,-2,-11,-2,-54,0
30,3,-2,-7,4,-1,0,-14,6.7,-5,5,3,-4,16,-4,-10,-21,574,24,-9,6,59,5,-11,-9
16,1,10,-4,12,-7,-3,6,-1.3,6,-6,-1,-17,9,1,23,21,250,-19,-9,2,6,-1,6,-6
1,1,-7,-4,-3,-2,11,-3,0.0999999999999943,-4,4,-2,15,2,-3,-18,-26,350,0,-3,4,1,3,-13,-1
6,1,7,14,12,1,-5,-32,-6.90000000000001,5,-5,-1,-19,-14,-6,-13,-10,-305,4,12,5,13,6,-33,1
40,0,1,1,3,-6,16,65,11.9,6,-6,6,21,18,15,44,20,805,1,-13,2,69,-15,65,7
